model,dataset,fraction,C,auroc,ece
CLIP,MHIST,0.01,0.01,0.6380199891950297,0.09068947591268282
CLIP,MHIST,0.01,0.1,0.6379569602016928,0.09066266742460878
CLIP,MHIST,0.01,1.0,0.6378714208535926,0.1284592814660902
CLIP,MHIST,0.01,10.0,0.6372261240170478,0.11057573947420508
CLIP,MHIST,0.01,100.0,0.6327150489225043,0.15641859551855236
CLIP,MHIST,0.1,0.01,0.7819737079056366,0.08554688468785149
CLIP,MHIST,0.1,0.1,0.7834128699201632,0.09901276376151645
CLIP,MHIST,0.1,1.0,0.794968185365268,0.1648801785353717
CLIP,MHIST,0.1,10.0,0.8216249474758389,0.09414134885898891
CLIP,MHIST,0.1,100.0,0.8286706885167177,0.06140630866219566
CLIP,MHIST,1.0,0.01,0.8104988294615523,0.09028236054154677
CLIP,MHIST,1.0,0.1,0.8210877003421575,0.1687194211691181
CLIP,MHIST,1.0,1.0,0.8535251215559155,0.11701799192425609
CLIP,MHIST,1.0,10.0,0.8748334233747523,0.05099146446434354
CLIP,MHIST,1.0,100.0,0.8717810192688638,0.045599330613613744
CLIP,LungHist700,0.01,0.01,0.5937151482409196,0.07298682541905123
CLIP,LungHist700,0.01,0.1,0.5936424259599673,0.07587523353373743
CLIP,LungHist700,0.01,1.0,0.5935957686867618,0.06664214209354456
CLIP,LungHist700,0.01,10.0,0.5973560827784512,0.050778974926369076
CLIP,LungHist700,0.01,100.0,0.6028722451426409,0.0834417096224483
CLIP,LungHist700,0.1,0.01,0.7816509441323604,0.03178088994484002
CLIP,LungHist700,0.1,0.1,0.7816120030355652,0.03173913889918715
CLIP,LungHist700,0.1,1.0,0.7837765167093155,0.04089897271958664
CLIP,LungHist700,0.1,10.0,0.7922617574184875,0.10370472499147214
CLIP,LungHist700,0.1,100.0,0.8063032482585929,0.11082093713700047
CLIP,LungHist700,1.0,0.01,0.814138639274019,0.02909353944987428
CLIP,LungHist700,1.0,0.1,0.8167593571894615,0.030036863097810867
CLIP,LungHist700,1.0,1.0,0.8354478917641995,0.1092982121133295
CLIP,LungHist700,1.0,10.0,0.8929861767429298,0.19788299921288255
CLIP,LungHist700,1.0,100.0,0.9358901189426673,0.137317463512715
CLIP,BRACS,0.01,0.01,0.6898039590278531,0.07352180278564703
CLIP,BRACS,0.01,0.1,0.689887630002481,0.07343044402430186
CLIP,BRACS,0.01,1.0,0.692657496489153,0.04768694801693243
CLIP,BRACS,0.01,10.0,0.7010636131442082,0.0881087777917489
CLIP,BRACS,0.01,100.0,0.7045647663727909,0.09085399983855717
CLIP,BRACS,0.1,0.01,0.7488332302551761,0.05752014289197044
CLIP,BRACS,0.1,0.1,0.7528943989956979,0.0643541596977608
CLIP,BRACS,0.1,1.0,0.768069999723738,0.13915147653651452
CLIP,BRACS,0.1,10.0,0.7953457108722014,0.06394026449387906
CLIP,BRACS,0.1,100.0,0.8099832377668355,0.10394524376114393
CLIP,BRACS,1.0,0.01,0.76172001080981,0.06823386385229614
CLIP,BRACS,1.0,0.1,0.7792315996168183,0.15115445884767775
CLIP,BRACS,1.0,1.0,0.8137754803415936,0.08708370478272053
CLIP,BRACS,1.0,10.0,0.8464918152479134,0.05931918119335372
CLIP,BRACS,1.0,100.0,0.8535479750670084,0.11551022594747067
PLIP,MHIST,0.01,0.01,0.70228104928267,0.0906426816083334
PLIP,MHIST,0.01,0.1,0.7025901914880844,0.08997984654994418
PLIP,MHIST,0.01,1.0,0.7036136622846509,0.14613791741905022
PLIP,MHIST,0.01,10.0,0.7077675730836185,0.11142242445141927
PLIP,MHIST,0.01,100.0,0.713875382676031,0.12242368173022279
PLIP,MHIST,0.1,0.01,0.763224083078216,0.08528156871322023
PLIP,MHIST,0.1,0.1,0.7662404706164837,0.13601448474782674
PLIP,MHIST,0.1,1.0,0.7793655081337415,0.13854353688691481
PLIP,MHIST,0.1,10.0,0.8038762830902214,0.06947699399578322
PLIP,MHIST,0.1,100.0,0.8112581787622307,0.05971401694641548
PLIP,MHIST,1.0,0.01,0.769723572843508,0.13429884736910452
PLIP,MHIST,1.0,0.1,0.7840086439762292,0.1473666831764693
PLIP,MHIST,1.0,1.0,0.8291644156311905,0.09103798199492485
PLIP,MHIST,1.0,10.0,0.8713443183864579,0.04936860733278368
PLIP,MHIST,1.0,100.0,0.8691923284710968,0.046537566966372595
PLIP,LungHist700,0.01,0.01,0.7614063615673755,0.29511350276148235
PLIP,LungHist700,0.01,0.1,0.7619464535970142,0.31295498378484155
PLIP,LungHist700,0.01,1.0,0.762461388680666,0.3074564829918449
PLIP,LungHist700,0.01,10.0,0.7668491312695802,0.23107660587899329
PLIP,LungHist700,0.01,100.0,0.7718613401186135,0.11167108779990055
PLIP,LungHist700,0.1,0.01,0.8648689565350969,0.03180263340885169
PLIP,LungHist700,0.1,0.1,0.8665161907891002,0.032221958927534496
PLIP,LungHist700,0.1,1.0,0.8760928273474713,0.1480847475646004
PLIP,LungHist700,0.1,10.0,0.8873890418067257,0.18613485729779966
PLIP,LungHist700,0.1,100.0,0.8853781268576038,0.10805793401091333
PLIP,LungHist700,1.0,0.01,0.8773659564814228,0.02935089261779536
PLIP,LungHist700,1.0,0.1,0.8923993706053127,0.13800840969507439
PLIP,LungHist700,1.0,1.0,0.9220359017533605,0.22444859618403692
PLIP,LungHist700,1.0,10.0,0.959048134242189,0.12727099024093017
PLIP,LungHist700,1.0,100.0,0.9733192043797126,0.10297628946734355
PLIP,BRACS,0.01,0.01,0.7221815689341383,0.07356458817680298
PLIP,BRACS,0.01,0.1,0.7227874701844428,0.07354454751563508
PLIP,BRACS,0.01,1.0,0.7284771416491291,0.06934924100573563
PLIP,BRACS,0.01,10.0,0.738762321015349,0.07050465568191037
PLIP,BRACS,0.01,100.0,0.7385226352253874,0.12539798498536456
PLIP,BRACS,0.1,0.01,0.803126687649696,0.057428580440242016
PLIP,BRACS,0.1,0.1,0.8080474413840983,0.14110745352363643
PLIP,BRACS,0.1,1.0,0.8239260648762793,0.14190945982954492
PLIP,BRACS,0.1,10.0,0.8417509485357995,0.05382064934543281
PLIP,BRACS,0.1,100.0,0.8374991202192718,0.15685369844094157
PLIP,BRACS,1.0,0.01,0.8111185697276978,0.15579423677438464
PLIP,BRACS,1.0,0.1,0.829913969179707,0.14936597841256594
PLIP,BRACS,1.0,1.0,0.856587673169057,0.05877719406460652
PLIP,BRACS,1.0,10.0,0.8749976104074891,0.07662862959757633
PLIP,BRACS,1.0,100.0,0.8780234996401699,0.14880938433276972
CONCH,MHIST,0.01,0.01,0.6393450987454229,0.09068336721827713
CONCH,MHIST,0.01,0.1,0.6393691097905035,0.09058011340809018
CONCH,MHIST,0.01,1.0,0.638273605858695,0.11865530210746422
CONCH,MHIST,0.01,10.0,0.6396707485443304,0.10402706823166256
CONCH,MHIST,0.01,100.0,0.6460156672069152,0.17858984244517717
CONCH,MHIST,0.1,0.01,0.7326190047421816,0.0851440457300574
CONCH,MHIST,0.1,0.1,0.7411804430037817,0.14915812765047692
CONCH,MHIST,0.1,1.0,0.7870760549852932,0.13547337842117302
CONCH,MHIST,0.1,10.0,0.8341256978209977,0.07272463217071057
CONCH,MHIST,0.1,100.0,0.8374812413710306,0.07073948525327926
CONCH,MHIST,1.0,0.01,0.73501710786962,0.14694932497545796
CONCH,MHIST,1.0,0.1,0.7961192148388259,0.13300018459817656
CONCH,MHIST,1.0,1.0,0.8509814514676751,0.09174233457362396
CONCH,MHIST,1.0,10.0,0.8671258779038359,0.046249634971464955
CONCH,MHIST,1.0,100.0,0.8765532144786602,0.048159583496107126
CONCH,LungHist700,0.01,0.01,0.8686168525379188,0.3552114869122045
CONCH,LungHist700,0.01,0.1,0.8687728214734749,0.3806287342552019
CONCH,LungHist700,0.01,1.0,0.872882254934691,0.331475581847354
CONCH,LungHist700,0.01,10.0,0.878334244179026,0.18542465264687247
CONCH,LungHist700,0.01,100.0,0.8726438012541631,0.1350189238847607
CONCH,LungHist700,0.1,0.01,0.921817596044904,0.03167643216932547
CONCH,LungHist700,0.1,0.1,0.9248096882113636,0.2740739104136511
CONCH,LungHist700,0.1,1.0,0.9323496096378455,0.2779064631937607
CONCH,LungHist700,0.1,10.0,0.9335748180706457,0.15168277843789343
CONCH,LungHist700,0.1,100.0,0.9256115488693227,0.12400716423145171
CONCH,LungHist700,1.0,0.01,0.943559688352123,0.27230608920134725
CONCH,LungHist700,1.0,0.1,0.953924841442985,0.33773296886533277
CONCH,LungHist700,1.0,1.0,0.971386775329594,0.20836451760473426
CONCH,LungHist700,1.0,10.0,0.9851381248211023,0.11241486625682934
CONCH,LungHist700,1.0,100.0,0.9899936149612528,0.051689133652449926
CONCH,BRACS,0.01,0.01,0.8080837503541165,0.07367343462127728
CONCH,BRACS,0.01,0.1,0.811090888325703,0.023940042555455312
CONCH,BRACS,0.01,1.0,0.8228733676688282,0.1616462960680474
CONCH,BRACS,0.01,10.0,0.826316950264502,0.0670928192969269
CONCH,BRACS,0.01,100.0,0.8216063578752819,0.18947665795617344
CONCH,BRACS,0.1,0.01,0.8501340275836465,0.12170631020824335
CONCH,BRACS,0.1,0.1,0.8669486646734234,0.19113716451190008
CONCH,BRACS,0.1,1.0,0.8854227171060987,0.11023268188153751
CONCH,BRACS,0.1,10.0,0.890485628518828,0.044708682244639864
CONCH,BRACS,0.1,100.0,0.8834946774280664,0.1829835523587092
CONCH,BRACS,1.0,0.01,0.8738408812105064,0.1954382469654213
CONCH,BRACS,1.0,0.1,0.8948969412572509,0.10857142934978176
CONCH,BRACS,1.0,1.0,0.9046904324226631,0.029824666023351726
CONCH,BRACS,1.0,10.0,0.9101991195702471,0.09136838564150813
CONCH,BRACS,1.0,100.0,0.9122440904687382,0.13951663481467938
VIRCHOW2,MHIST,0.01,0.01,0.6110540848790443,0.09065565377067342
VIRCHOW2,MHIST,0.01,0.1,0.6133216279488564,0.09508867187351844
VIRCHOW2,MHIST,0.01,1.0,0.6291268983732516,0.1387514244744005
VIRCHOW2,MHIST,0.01,10.0,0.6936100606278889,0.10762272083291759
VIRCHOW2,MHIST,0.01,100.0,0.7325619785101146,0.1377202388695659
VIRCHOW2,MHIST,0.1,0.01,0.8167341977309563,0.08512652446398179
VIRCHOW2,MHIST,0.1,0.1,0.8291629149408729,0.1502409527779008
VIRCHOW2,MHIST,0.1,1.0,0.8628774236148629,0.18021652824577283
VIRCHOW2,MHIST,0.1,10.0,0.8856654060868001,0.0905625806504129
VIRCHOW2,MHIST,0.1,100.0,0.8761150129059367,0.0497991313225463
VIRCHOW2,MHIST,1.0,0.01,0.8547496848550334,0.14329148278754272
VIRCHOW2,MHIST,1.0,0.1,0.8849045560958041,0.1971835410243574
VIRCHOW2,MHIST,1.0,1.0,0.9157977669728075,0.1131381783010071
VIRCHOW2,MHIST,1.0,10.0,0.9280208896092202,0.049685749904188496
VIRCHOW2,MHIST,1.0,100.0,0.9311138123536825,0.0345776810066363
VIRCHOW2,LungHist700,0.01,0.01,0.8083468593547201,0.32354166982920457
VIRCHOW2,LungHist700,0.01,0.1,0.8086123995276114,0.30517132976530953
VIRCHOW2,LungHist700,0.01,1.0,0.8104034732786647,0.2941264391703594
VIRCHOW2,LungHist700,0.01,10.0,0.8103687381947621,0.1720409757623453
VIRCHOW2,LungHist700,0.01,100.0,0.8069751093212201,0.11532484588735652
VIRCHOW2,LungHist700,0.1,0.01,0.8874018253610645,0.03173005377321425
VIRCHOW2,LungHist700,0.1,0.1,0.8915167613765146,0.15953117967777658
VIRCHOW2,LungHist700,0.1,1.0,0.913326549787318,0.25459758345941563
VIRCHOW2,LungHist700,0.1,10.0,0.9303449831935029,0.1860755401407759
VIRCHOW2,LungHist700,0.1,100.0,0.926702940309945,0.08958055243768755
VIRCHOW2,LungHist700,1.0,0.01,0.9255979665787241,0.15195697083536577
VIRCHOW2,LungHist700,1.0,0.1,0.9552892296694347,0.3075017284652493
VIRCHOW2,LungHist700,1.0,1.0,0.9724456901692357,0.2636798581562782
VIRCHOW2,LungHist700,1.0,10.0,0.9851197904426993,0.1602445121408444
VIRCHOW2,LungHist700,1.0,100.0,0.9866200105912081,0.055943064237942236
VIRCHOW2,BRACS,0.01,0.01,0.7788117462360716,0.0737153113769329
VIRCHOW2,BRACS,0.01,0.1,0.7806050864418631,0.06925968073868088
VIRCHOW2,BRACS,0.01,1.0,0.7918278214942965,0.15832702192545736
VIRCHOW2,BRACS,0.01,10.0,0.8049952495463683,0.07449053000010436
VIRCHOW2,BRACS,0.01,100.0,0.8031399132515107,0.13362387502620013
VIRCHOW2,BRACS,0.1,0.01,0.8447060586093751,0.042185582319092564
VIRCHOW2,BRACS,0.1,0.1,0.8578356335924547,0.2061645006031644
VIRCHOW2,BRACS,0.1,1.0,0.8826118790969697,0.1269026930480249
VIRCHOW2,BRACS,0.1,10.0,0.8870579881865327,0.0705943386037813
VIRCHOW2,BRACS,0.1,100.0,0.8770720398702934,0.18216533139891608
VIRCHOW2,BRACS,1.0,0.01,0.8701205765245089,0.21154559796861908
VIRCHOW2,BRACS,1.0,0.1,0.8927366973806444,0.14920252177563553
VIRCHOW2,BRACS,1.0,1.0,0.9038447387617934,0.044859031968791714
VIRCHOW2,BRACS,1.0,10.0,0.9078851190865788,0.09199188111853367
VIRCHOW2,BRACS,1.0,100.0,0.8974535958496093,0.20561022295078493
UNI,MHIST,0.01,0.01,0.6915571162734858,0.09064849434758732
UNI,MHIST,0.01,0.1,0.6921288792844708,0.0897347445751281
UNI,MHIST,0.01,1.0,0.6927846809532384,0.12066124456809334
UNI,MHIST,0.01,10.0,0.6908803049402725,0.10203376651838025
UNI,MHIST,0.01,100.0,0.6877168497508853,0.13176355932650555
UNI,MHIST,0.1,0.01,0.7940287532264841,0.08504491232488531
UNI,MHIST,0.1,0.1,0.7976018968725613,0.167115547967721
UNI,MHIST,0.1,1.0,0.8196950597274747,0.14239516223870144
UNI,MHIST,0.1,10.0,0.8546431358424876,0.06555062709014058
UNI,MHIST,0.1,100.0,0.8589246053184465,0.06178828312422646
UNI,MHIST,1.0,0.01,0.8100621285791464,0.1604733869185693
UNI,MHIST,1.0,0.1,0.8407482441923285,0.14932539386182464
UNI,MHIST,1.0,1.0,0.8856428957320367,0.0802746194612482
UNI,MHIST,1.0,10.0,0.9102242031334414,0.038989122394986656
UNI,MHIST,1.0,100.0,0.9081082297857014,0.05845829217765547
UNI,LungHist700,0.01,0.01,0.6761736593062245,0.21881231269768875
UNI,LungHist700,0.01,0.1,0.6764069246523615,0.23574757333282836
UNI,LungHist700,0.01,1.0,0.6790216163079822,0.2127451778827195
UNI,LungHist700,0.01,10.0,0.6896634106691414,0.10559152441864046
UNI,LungHist700,0.01,100.0,0.6984535881232176,0.11160285274291333
UNI,LungHist700,0.1,0.01,0.8403797441683919,0.03190490725156162
UNI,LungHist700,0.1,0.1,0.8444258986524363,0.032965668650268176
UNI,LungHist700,0.1,1.0,0.8682977164985148,0.17285965211949442
UNI,LungHist700,0.1,10.0,0.9008696251719814,0.19284378669388805
UNI,LungHist700,0.1,100.0,0.9024506517636901,0.10875393951444486
UNI,LungHist700,1.0,0.01,0.9014261931449655,0.02967470892906468
UNI,LungHist700,1.0,0.1,0.9272210904001229,0.2432566672906593
UNI,LungHist700,1.0,1.0,0.9634073153799294,0.3125866344121607
UNI,LungHist700,1.0,10.0,0.9814594826091879,0.13046311844360634
UNI,LungHist700,1.0,100.0,0.9830631145113156,0.07185107986428797
UNI,BRACS,0.01,0.01,0.7774905010508979,0.07354608706304683
UNI,BRACS,0.01,0.1,0.7785805967494556,0.06367565098117788
UNI,BRACS,0.01,1.0,0.785739829982184,0.10961498481087835
UNI,BRACS,0.01,10.0,0.7934624193896154,0.04238875334093361
UNI,BRACS,0.01,100.0,0.792568488221499,0.12512559211799404
UNI,BRACS,0.1,0.01,0.8379471940251645,0.05920068845287455
UNI,BRACS,0.1,0.1,0.8474765453913383,0.17022243183203575
UNI,BRACS,0.1,1.0,0.8680369036781767,0.14159982698684823
UNI,BRACS,0.1,10.0,0.8723455713193825,0.06092805840710058
UNI,BRACS,0.1,100.0,0.864602873768901,0.2065706268399918
UNI,BRACS,1.0,0.01,0.8567582760097118,0.1813997871829444
UNI,BRACS,1.0,0.1,0.8828222093464521,0.15759941856446016
UNI,BRACS,1.0,1.0,0.9012589709524764,0.04888100911798662
UNI,BRACS,1.0,10.0,0.9018942013599233,0.12709363010350122
UNI,BRACS,1.0,100.0,0.8917780789792072,0.23764148449855713
GigaPath,MHIST,0.01,0.01,0.6584413830361967,0.09064107658654942
GigaPath,MHIST,0.01,0.1,0.6599690857794586,0.09450949937838345
GigaPath,MHIST,0.01,1.0,0.6696305300438201,0.12025281782490445
GigaPath,MHIST,0.01,10.0,0.6963668287412209,0.09795165764919193
GigaPath,MHIST,0.01,100.0,0.7015682213818356,0.14601533384290824
GigaPath,MHIST,0.1,0.01,0.7774836424755387,0.08504018258075947
GigaPath,MHIST,0.1,0.1,0.7924800408187765,0.14558945084646738
GigaPath,MHIST,0.1,1.0,0.8362776877363588,0.14860002438748954
GigaPath,MHIST,0.1,10.0,0.8513476199051565,0.06065493363407428
GigaPath,MHIST,0.1,100.0,0.8290338555735639,0.07895006382071328
GigaPath,MHIST,1.0,0.01,0.8328471096704483,0.14402544882435106
GigaPath,MHIST,1.0,0.1,0.8554970286331715,0.1648696413653392
GigaPath,MHIST,1.0,1.0,0.8868359445344859,0.08268547538533311
GigaPath,MHIST,1.0,10.0,0.9078786241671168,0.03517730884323227
GigaPath,MHIST,1.0,100.0,0.9003781739600217,0.050911144643422564
GigaPath,LungHist700,0.01,0.01,0.6498148659835239,0.1933519693236613
GigaPath,LungHist700,0.01,0.1,0.6501476908637241,0.20658420211938808
GigaPath,LungHist700,0.01,1.0,0.6552185811632839,0.18627318480918809
GigaPath,LungHist700,0.01,10.0,0.6782213390990893,0.10562936588319975
GigaPath,LungHist700,0.01,100.0,0.6931428460872707,0.13034520616720802
GigaPath,LungHist700,0.1,0.01,0.7991301022533532,0.032045902093477914
GigaPath,LungHist700,0.1,0.1,0.8044374304069409,0.03399791452374601
GigaPath,LungHist700,0.1,1.0,0.8372409155212354,0.15214679330225092
GigaPath,LungHist700,0.1,10.0,0.886316036533414,0.17815863112564312
GigaPath,LungHist700,0.1,100.0,0.8947961552788755,0.1136571416726548
GigaPath,LungHist700,1.0,0.01,0.8597794238508506,0.029880353788088787
GigaPath,LungHist700,1.0,0.1,0.9051302995200298,0.16182718613161426
GigaPath,LungHist700,1.0,1.0,0.9645228951402901,0.3120928906883917
GigaPath,LungHist700,1.0,10.0,0.9838107126109069,0.1685960184694418
GigaPath,LungHist700,1.0,100.0,0.9851572125046059,0.08161586130193192
GigaPath,BRACS,0.01,0.01,0.7307218138562411,0.07358269829305543
GigaPath,BRACS,0.01,0.1,0.7332091333619815,0.03988676507214472
GigaPath,BRACS,0.01,1.0,0.7484708350915379,0.08351767051390062
GigaPath,BRACS,0.01,10.0,0.767982819277452,0.08128021357509017
GigaPath,BRACS,0.01,100.0,0.7688846174964704,0.17450081351993119
GigaPath,BRACS,0.1,0.01,0.790486413283474,0.04448638012144515
GigaPath,BRACS,0.1,0.1,0.8151904012964265,0.1314673354962728
GigaPath,BRACS,0.1,1.0,0.8582384208518695,0.14620527808633985
GigaPath,BRACS,0.1,10.0,0.8740489714640943,0.053145805260261934
GigaPath,BRACS,0.1,100.0,0.8685423084574214,0.17866156471591832
GigaPath,BRACS,1.0,0.01,0.8209031354278519,0.1340095315877593
GigaPath,BRACS,1.0,0.1,0.8705080843032128,0.19091935276007307
GigaPath,BRACS,1.0,1.0,0.8982040556571903,0.06602987302652273
GigaPath,BRACS,1.0,10.0,0.901559568534228,0.10010192551154994
GigaPath,BRACS,1.0,100.0,0.8898970015333344,0.21568776499200273
H-Optimus-0,MHIST,0.01,0.01,0.7003916801728796,0.09062460558112963
H-Optimus-0,MHIST,0.01,0.1,0.7007488444684554,0.08973898635862933
H-Optimus-0,MHIST,0.01,1.0,0.7012260639894351,0.1319819240733662
H-Optimus-0,MHIST,0.01,10.0,0.6984557896632451,0.09099270172428209
H-Optimus-0,MHIST,0.01,100.0,0.6906461972507353,0.1337666403170691
H-Optimus-0,MHIST,0.1,0.01,0.7768038297616903,0.08501905851203993
H-Optimus-0,MHIST,0.1,0.1,0.7817951257578487,0.16197742405298324
H-Optimus-0,MHIST,0.1,1.0,0.8119109790503632,0.12622036853546215
H-Optimus-0,MHIST,0.1,10.0,0.8575379674650337,0.06201363182343109
H-Optimus-0,MHIST,0.1,100.0,0.8599180623086621,0.06293948760295565
H-Optimus-0,MHIST,1.0,0.01,0.7926075994957681,0.16068188681005816
H-Optimus-0,MHIST,1.0,0.1,0.8275976949396723,0.13662233308082017
H-Optimus-0,MHIST,1.0,1.0,0.8848370250315144,0.08425990515624648
H-Optimus-0,MHIST,1.0,10.0,0.9169773095623986,0.041065280683285216
H-Optimus-0,MHIST,1.0,100.0,0.9122276247073654,0.046422725490257076
H-Optimus-0,LungHist700,0.01,0.01,0.638750629121245,0.20921524358077936
H-Optimus-0,LungHist700,0.01,0.1,0.6388783381748859,0.184098143069688
H-Optimus-0,LungHist700,0.01,1.0,0.6407132246130499,0.16069613697488896
H-Optimus-0,LungHist700,0.01,10.0,0.651243987929412,0.07995173318064826
H-Optimus-0,LungHist700,0.01,100.0,0.6581651703992749,0.13883198449513745
H-Optimus-0,LungHist700,0.1,0.01,0.7840086286168454,0.031943236963862844
H-Optimus-0,LungHist700,0.1,0.1,0.7885609724663997,0.03307341286796429
H-Optimus-0,LungHist700,0.1,1.0,0.824731181306058,0.15267465635259564
H-Optimus-0,LungHist700,0.1,10.0,0.8810846104040467,0.15392060298316224
H-Optimus-0,LungHist700,0.1,100.0,0.8853523442454581,0.12012777524531397
H-Optimus-0,LungHist700,1.0,0.01,0.8667711883563557,0.029475832332027163
H-Optimus-0,LungHist700,1.0,0.1,0.9139753870564947,0.21064554525938917
H-Optimus-0,LungHist700,1.0,1.0,0.9637720379268856,0.3144088020647313
H-Optimus-0,LungHist700,1.0,10.0,0.9836733440759815,0.15657533582952668
H-Optimus-0,LungHist700,1.0,100.0,0.9887845270875059,0.05648102942656367
H-Optimus-0,BRACS,0.01,0.01,0.7333092253054799,0.0734634525525164
H-Optimus-0,BRACS,0.01,0.1,0.7347431110032083,0.03380255393450545
H-Optimus-0,BRACS,0.01,1.0,0.746102606055843,0.0737166698236729
H-Optimus-0,BRACS,0.01,10.0,0.7630071584532754,0.06809242584021812
H-Optimus-0,BRACS,0.01,100.0,0.7646803942340213,0.15531344149745357
H-Optimus-0,BRACS,0.1,0.01,0.7955238667698051,0.03944423858183571
H-Optimus-0,BRACS,0.1,0.1,0.8149959270889807,0.11182622171227712
H-Optimus-0,BRACS,0.1,1.0,0.8520697230214633,0.10224462227181623
H-Optimus-0,BRACS,0.1,10.0,0.8642470133826601,0.05649271321635529
H-Optimus-0,BRACS,0.1,100.0,0.8593707076303464,0.18872170040856426
H-Optimus-0,BRACS,1.0,0.01,0.8203347393255692,0.13084555000234568
H-Optimus-0,BRACS,1.0,0.1,0.8677090469352695,0.14666496131311377
H-Optimus-0,BRACS,1.0,1.0,0.8956033932491522,0.05696337785703848
H-Optimus-0,BRACS,1.0,10.0,0.8946831729061943,0.10547759277718836
H-Optimus-0,BRACS,1.0,100.0,0.8761909586019686,0.2214510984021153
MIDNIGHT,MHIST,0.01,0.01,0.4944024251155532,0.09062585219441123
MIDNIGHT,MHIST,0.01,0.1,0.4950042019328891,0.08949252767371348
MIDNIGHT,MHIST,0.01,1.0,0.49919412929947776,0.09058553970056206
MIDNIGHT,MHIST,0.01,10.0,0.515667206915181,0.12563445362021994
MIDNIGHT,MHIST,0.01,100.0,0.5243592052344078,0.21408325191222108
MIDNIGHT,MHIST,0.1,0.01,0.598178161954499,0.08556789098328205
MIDNIGHT,MHIST,0.1,0.1,0.6161384236748905,0.09672257279237689
MIDNIGHT,MHIST,0.1,1.0,0.6685710426796326,0.10191184571118699
MIDNIGHT,MHIST,0.1,10.0,0.72109220241311,0.06853493094407383
MIDNIGHT,MHIST,0.1,100.0,0.7414070472417312,0.0889871367058906
MIDNIGHT,MHIST,1.0,0.01,0.6158698001080496,0.1006488598073381
MIDNIGHT,MHIST,1.0,0.1,0.6662344678552135,0.09219005767524542
MIDNIGHT,MHIST,1.0,1.0,0.7383261300198093,0.08252947602657434
MIDNIGHT,MHIST,1.0,10.0,0.7932739059967586,0.05569910271025177
MIDNIGHT,MHIST,1.0,100.0,0.8063209076175041,0.06661442826276767
MIDNIGHT,LungHist700,0.01,0.01,0.6936447986282549,0.2154336531649119
MIDNIGHT,LungHist700,0.01,0.1,0.693854850077621,0.21778262224045786
MIDNIGHT,LungHist700,0.01,1.0,0.697025910182325,0.17268684421444588
MIDNIGHT,LungHist700,0.01,10.0,0.6981646604067023,0.14427587804835418
MIDNIGHT,LungHist700,0.01,100.0,0.696988171111233,0.19334446192356214
MIDNIGHT,LungHist700,0.1,0.01,0.8508759506251992,0.03176312078671939
MIDNIGHT,LungHist700,0.1,0.1,0.8524928770603656,0.18841758797579153
MIDNIGHT,LungHist700,0.1,1.0,0.8623333798427102,0.22755250471060426
MIDNIGHT,LungHist700,0.1,10.0,0.8738185855546768,0.09004782112549241
MIDNIGHT,LungHist700,0.1,100.0,0.8709401530697485,0.16325442092104026
MIDNIGHT,LungHist700,1.0,0.01,0.8951103646495445,0.02897317661424333
MIDNIGHT,LungHist700,1.0,0.1,0.9105641773835643,0.19556430574273587
MIDNIGHT,LungHist700,1.0,1.0,0.9460658957717402,0.1946074086746045
MIDNIGHT,LungHist700,1.0,10.0,0.974618600399992,0.12887263726135825
MIDNIGHT,LungHist700,1.0,100.0,0.983873766751635,0.08618001426706266
MIDNIGHT,BRACS,0.01,0.01,0.7402270481223495,0.07370431836600297
MIDNIGHT,BRACS,0.01,0.1,0.7416697403812402,0.06417660845788367
MIDNIGHT,BRACS,0.01,1.0,0.7488842221599649,0.1055441608067622
MIDNIGHT,BRACS,0.01,10.0,0.755658491999244,0.07503838534160796
MIDNIGHT,BRACS,0.01,100.0,0.753619001505543,0.22519298404691093
MIDNIGHT,BRACS,0.1,0.01,0.7928730920917205,0.04617267378250212
MIDNIGHT,BRACS,0.1,0.1,0.8110324995369859,0.16520474029072277
MIDNIGHT,BRACS,0.1,1.0,0.8508230972316739,0.0961972850968605
MIDNIGHT,BRACS,0.1,10.0,0.8667636054629292,0.0622253918224241
MIDNIGHT,BRACS,0.1,100.0,0.8582141448797168,0.1703161758900208
MIDNIGHT,BRACS,1.0,0.01,0.8166445049491414,0.16019863837024867
MIDNIGHT,BRACS,1.0,0.1,0.8613592450506241,0.10604682751003673
MIDNIGHT,BRACS,1.0,1.0,0.8920914360615791,0.07196549472042556
MIDNIGHT,BRACS,1.0,10.0,0.9021328339895806,0.08899124981424546
MIDNIGHT,BRACS,1.0,100.0,0.898279862954149,0.1642261846465993
