model,pair,lo,hi,delta,rises,monotone
CLIP,h0->h1,0.26377162886218497,0.0779017677671327,-0.18586986109505227,False,False
CLIP,h0->h2,0.10401121081546706,0.1028423313056232,-0.0011688795098438592,False,False
CLIP,h0->h3,0.2586284993928902,0.0610347366964388,-0.19759376269645137,False,False
CLIP,h0->h4,0.2145443101953263,0.36096573972852547,0.14642142953319917,True,True
CLIP,h1->h0,0.20075201102825002,0.0554775558508625,-0.14527445517738752,False,False
CLIP,h1->h2,0.1210053968124883,0.0411296749761944,-0.0798757218362939,False,False
CLIP,h1->h3,0.27205846703950115,0.0612686619058235,-0.21078980513367765,False,False
CLIP,h1->h4,0.10029836148436021,0.2808270482029582,0.18052868671859795,True,False
CLIP,h2->h0,0.13224456685926816,0.0923210001380147,-0.03992356672125347,False,False
CLIP,h2->h1,0.054904323473459804,0.1442315971829627,0.08932727370950289,True,True
CLIP,h2->h3,0.09993046596630473,0.10528518129347049,0.005354715327165763,True,False
CLIP,h2->h4,0.13051188054112667,0.1187250184892072,-0.011786862051919464,False,False
CLIP,h3->h0,0.240093852938162,0.0937809818002542,-0.1463128711379078,False,False
CLIP,h3->h1,0.2703459152861712,0.23848241649709032,-0.031863498789080874,False,False
CLIP,h3->h2,0.1228484386035764,0.23192577377218196,0.10907733516860556,True,False
CLIP,h3->h4,0.17814956878720867,0.4619809610369197,0.28383139224971105,True,True
CLIP,h4->h0,0.21994509881801205,0.18741853265718636,-0.03252656616082569,False,False
CLIP,h4->h1,0.11146863713793538,0.3446827151721303,0.23321407803419492,True,True
CLIP,h4->h2,0.2416834231405963,0.1583577776465314,-0.0833256454940649,False,False
CLIP,h4->h3,0.1485285353168855,0.2834770022244651,0.13494846690757958,True,True
CONCH,h0->h1,0.1831887260828947,0.017647381269645,-0.1655413448132497,False,False
CONCH,h0->h2,0.19907892774620942,0.0433614402547041,-0.15571748749150532,False,False
CONCH,h0->h3,0.1691996465764086,0.0173593638341791,-0.1518402827422295,False,False
CONCH,h0->h4,0.2239761948736337,0.1302033414581548,-0.09377285341547892,False,False
CONCH,h1->h0,0.15757720998343924,0.0208079964181991,-0.13676921356524013,False,False
CONCH,h1->h2,0.20845137301820774,0.055339976512687204,-0.15311139650552053,False,False
CONCH,h1->h3,0.17405038876642406,0.0190264968986767,-0.15502389186774737,False,False
CONCH,h1->h4,0.19789799482737844,0.1190177767469947,-0.07888021808038374,False,False
CONCH,h2->h0,0.16295489759568726,0.010531653327374801,-0.15242324426831247,False,False
CONCH,h2->h1,0.1953162021920202,0.0779788927569045,-0.1173373094351157,False,False
CONCH,h2->h3,0.17869519592884142,0.0462257326759748,-0.13246946325286663,False,False
CONCH,h2->h4,0.22227120925022245,0.0297565355646035,-0.19251467368561895,False,False
CONCH,h3->h0,0.1640573705800186,0.0194969925955836,-0.144560377984435,False,False
CONCH,h3->h1,0.17811824817067237,0.0346717388928501,-0.14344650927782227,False,False
CONCH,h3->h2,0.2128204728817463,0.0349012664226468,-0.1779192064590995,False,False
CONCH,h3->h4,0.19221735264820672,0.0863971910073777,-0.10582016164082902,False,False
CONCH,h4->h0,0.17602771002758888,0.023908189874217296,-0.15211952015337157,False,False
CONCH,h4->h1,0.23757254825597973,0.0988400092702,-0.13873253898577975,False,False
CONCH,h4->h2,0.20675167568151162,0.012599591526271598,-0.19415208415524002,False,False
CONCH,h4->h3,0.21353725603144405,0.0562300789915165,-0.15730717703992755,False,False
GigaPath,h0->h1,0.28458312453322315,0.063051445078341,-0.22153167945488217,False,False
GigaPath,h0->h2,0.2806517079366439,0.0736400165218579,-0.20701169141478598,False,False
GigaPath,h0->h3,0.24167267714847784,0.0585471728607502,-0.18312550428772764,False,False
GigaPath,h0->h4,0.3609351529903215,0.2760854432620153,-0.08484970972830619,False,False
GigaPath,h1->h0,0.27513841848045345,0.0540369708391635,-0.22110144764128994,False,False
GigaPath,h1->h2,0.32009105606763083,0.146551283039338,-0.17353977302829282,False,False
GigaPath,h1->h3,0.2445359955824761,0.0504755930225837,-0.1940604025598924,False,False
GigaPath,h1->h4,0.3426627811342158,0.349771373027619,0.007108591893403238,True,False
GigaPath,h2->h0,0.2644339684070604,0.04561642785545359,-0.21881754055160682,False,False
GigaPath,h2->h1,0.3052848723177949,0.1018380325483663,-0.20344683976942857,False,False
GigaPath,h2->h3,0.28802636201831394,0.0694119425776215,-0.21861441944069243,False,False
GigaPath,h2->h4,0.33983807939718935,0.1888401641013342,-0.15099791529585516,False,False
GigaPath,h3->h0,0.26578817521279535,0.0550202426614668,-0.21076793255132856,False,False
GigaPath,h3->h1,0.26361606794346215,0.0479737296298078,-0.21564233831365434,False,False
GigaPath,h3->h2,0.3060159051591395,0.1807814491538905,-0.12523445600524902,False,False
GigaPath,h3->h4,0.37431135540836064,0.34558695103095544,-0.0287244043774052,False,False
GigaPath,h4->h0,0.3323360870202025,0.1223731571368879,-0.2099629298833146,False,False
GigaPath,h4->h1,0.29945745505584825,0.1695440058817034,-0.12991344917414485,False,False
GigaPath,h4->h2,0.3488191826330178,0.1452006461575075,-0.20361853647551031,False,False
GigaPath,h4->h3,0.3433668250641552,0.1451558952735725,-0.19821092979058272,False,False
H-Optimus-0,h0->h1,0.30270731470900664,0.094479125533114,-0.20822818917589264,False,False
H-Optimus-0,h0->h2,0.3105469213613013,0.1024895929505063,-0.208057328410795,False,False
H-Optimus-0,h0->h3,0.264504608452903,0.059330465435398695,-0.20517414301750433,False,False
H-Optimus-0,h0->h4,0.34138339516248245,0.1818821518957275,-0.15950124326675494,False,False
H-Optimus-0,h1->h0,0.3127573094841258,0.0877755457671145,-0.22498176371701128,False,False
H-Optimus-0,h1->h2,0.32008859073053175,0.12395823533833,-0.19613035539220175,False,False
H-Optimus-0,h1->h3,0.259620492619804,0.04916818703533019,-0.21045230558447384,False,False
H-Optimus-0,h1->h4,0.32227398679752267,0.1977745490885042,-0.12449943770901847,False,False
H-Optimus-0,h2->h0,0.3280774366295114,0.0952559181395714,-0.23282151848993998,False,False
H-Optimus-0,h2->h1,0.30716362392803304,0.1532892602101187,-0.15387436371791433,False,False
H-Optimus-0,h2->h3,0.3011824517654688,0.08379709866270961,-0.2173853531027592,False,False
H-Optimus-0,h2->h4,0.342259993670367,0.1338793761659143,-0.20838061750445272,False,False
H-Optimus-0,h3->h0,0.2879944043779233,0.0855454920205294,-0.20244891235739387,False,False
H-Optimus-0,h3->h1,0.28365191479818386,0.0814512289015187,-0.20220068589666518,False,False
H-Optimus-0,h3->h2,0.3161788751159755,0.22686739706203882,-0.08931147805393666,False,False
H-Optimus-0,h3->h4,0.34800593121682594,0.243330181383846,-0.10467574983297995,False,False
H-Optimus-0,h4->h0,0.3516882677974385,0.2163250959239347,-0.1353631718735038,False,False
H-Optimus-0,h4->h1,0.29419934583210117,0.211884524662215,-0.08231482116988617,False,False
H-Optimus-0,h4->h2,0.3461705531626527,0.1907915142298765,-0.15537903893277621,False,False
H-Optimus-0,h4->h3,0.3436601717037844,0.1399118067288428,-0.2037483649749416,False,False
MIDNIGHT,h0->h1,0.2146650844395007,0.0814149729121818,-0.1332501115273189,False,False
MIDNIGHT,h0->h2,0.2039569385655133,0.0671959467765143,-0.136760991788999,False,False
MIDNIGHT,h0->h3,0.18476359655779398,0.0643588391849777,-0.12040475737281628,False,False
MIDNIGHT,h0->h4,0.2507663105843068,0.1171997362328856,-0.13356657435142122,False,False
MIDNIGHT,h1->h0,0.22044275682191902,0.0322132998113333,-0.18822945701058572,False,False
MIDNIGHT,h1->h2,0.21923495401912838,0.0672582991779003,-0.15197665484122808,False,False
MIDNIGHT,h1->h3,0.18380882081208946,0.0413001966398478,-0.14250862417224167,False,False
MIDNIGHT,h1->h4,0.22262248425161313,0.1083988060616828,-0.11422367818993033,False,False
MIDNIGHT,h2->h0,0.22940058669512517,0.0534463972393694,-0.17595418945575578,False,False
MIDNIGHT,h2->h1,0.24430448385428435,0.0616811063043221,-0.18262337754996225,False,False
MIDNIGHT,h2->h3,0.19823248022354759,0.0381992254976366,-0.16003325472591098,False,False
MIDNIGHT,h2->h4,0.25199561932421527,0.072311734088326,-0.17968388523588927,False,False
MIDNIGHT,h3->h0,0.1774777183892319,0.030235759772061204,-0.1472419586171707,False,False
MIDNIGHT,h3->h1,0.14717250959694808,0.028468573488226196,-0.11870393610872189,False,False
MIDNIGHT,h3->h2,0.18074526498027976,0.0558178981728607,-0.12492736680741906,False,False
MIDNIGHT,h3->h4,0.23168149020073092,0.0556910420213659,-0.17599044817936502,False,False
MIDNIGHT,h4->h0,0.2092182024850128,0.0388430562486022,-0.1703751462364106,False,False
MIDNIGHT,h4->h1,0.21496260115120117,0.0805425015039289,-0.13442009964727225,False,False
MIDNIGHT,h4->h2,0.23181709575669698,0.056572184326674,-0.175244911430023,False,False
MIDNIGHT,h4->h3,0.21290764670015797,0.0450495075288766,-0.16785813917128137,False,False
PLIP,h0->h1,0.22945786908578403,0.06038201105642551,-0.1690758580293585,False,False
PLIP,h0->h2,0.24066544698072959,0.0518565213252986,-0.18880892565543098,False,False
PLIP,h0->h3,0.23538973801514237,0.0576512700692637,-0.17773846794587866,False,False
PLIP,h0->h4,0.2745850373257272,0.094760303370941,-0.1798247339547862,False,False
PLIP,h1->h0,0.2519656505957214,0.09106309776311432,-0.16090255283260707,False,False
PLIP,h1->h2,0.22883420450965253,0.0680628921018614,-0.16077131240779113,False,False
PLIP,h1->h3,0.2514069359954896,0.0553002830984022,-0.19610665289708737,False,False
PLIP,h1->h4,0.2566667691418408,0.1508715789295417,-0.10579519021229908,False,False
PLIP,h2->h0,0.25455899571079965,0.0414992478719059,-0.21305974783889375,False,False
PLIP,h2->h1,0.21876444662498584,0.0551794961464197,-0.16358495047856614,False,False
PLIP,h2->h3,0.24670004710717644,0.1056679361587498,-0.14103211094842666,False,False
PLIP,h2->h4,0.2794884454340733,0.0752104106310459,-0.20427803480302742,False,False
PLIP,h3->h0,0.24603960295162394,0.0586093021329018,-0.18743030081872214,False,False
PLIP,h3->h1,0.20288315705159163,0.0999677737434354,-0.10291538330815622,False,False
PLIP,h3->h2,0.2331767975079658,0.0658163184804459,-0.16736047902751988,False,False
PLIP,h3->h4,0.2792509086301957,0.3068729997892271,0.027622091159031414,True,False
PLIP,h4->h0,0.25420694800019733,0.046083208360790405,-0.20812373963940692,False,False
PLIP,h4->h1,0.22722690024160105,0.0724565283884637,-0.15477037185313736,False,False
PLIP,h4->h2,0.24793166202156933,0.0369113409115303,-0.21102032111003902,False,False
PLIP,h4->h3,0.26586186913321225,0.0608625830430325,-0.20499928609017976,False,False
UNI,h0->h1,0.28296552733774344,0.0434555239178348,-0.23951000341990863,False,False
UNI,h0->h2,0.27843135294850563,0.0674147030119131,-0.21101664993659253,False,False
UNI,h0->h3,0.24479014747001704,0.0511871567142645,-0.19360299075575255,False,False
UNI,h0->h4,0.2884291620880379,0.09618415071393378,-0.19224501137410416,False,False
UNI,h1->h0,0.29272913595477773,0.07759015630155,-0.21513897965322773,False,False
UNI,h1->h2,0.3242947695573754,0.1340516006830015,-0.1902431688743739,False,False
UNI,h1->h3,0.2752097274971425,0.09043332047862522,-0.18477640701851727,False,False
UNI,h1->h4,0.32679959881255444,0.1606140797317866,-0.16618551908076784,False,False
UNI,h2->h0,0.27869560276485544,0.0406050942609081,-0.23809050850394733,False,False
UNI,h2->h1,0.3224805841654423,0.0864037060097685,-0.2360768781556738,False,False
UNI,h2->h3,0.28321083535004726,0.05076378677674579,-0.23244704857330148,False,False
UNI,h2->h4,0.3133507708427166,0.09055107412382861,-0.222799696718888,False,False
UNI,h3->h0,0.2563463495565197,0.06027595062321891,-0.19607039893330078,False,False
UNI,h3->h1,0.2646812111161904,0.0846580709668945,-0.18002314014929593,False,False
UNI,h3->h2,0.29805041652941644,0.1310348450203187,-0.16701557150909774,False,False
UNI,h3->h4,0.3198184807617357,0.279004297732887,-0.040814183028848705,False,False
UNI,h4->h0,0.2932114787717803,0.0948592297125554,-0.19835224905922488,False,False
UNI,h4->h1,0.34360166387094376,0.1441316817171812,-0.19946998215376258,False,False
UNI,h4->h2,0.3152037476729724,0.0764915778138207,-0.23871216985915167,False,False
UNI,h4->h3,0.33979172222048115,0.1505015199586089,-0.18929020226187226,False,False
VIRCHOW2,h0->h1,0.24838385660351084,0.0351628846325973,-0.21322097197091355,False,False
VIRCHOW2,h0->h2,0.21723109715354907,0.0295362839762038,-0.18769481317734527,False,False
VIRCHOW2,h0->h3,0.20611308675485931,0.0236244004370538,-0.18248868631780552,False,False
VIRCHOW2,h0->h4,0.25845093339871994,0.0673965766537187,-0.19105435674500124,False,False
VIRCHOW2,h1->h0,0.2451226390258063,0.0328762817671373,-0.212246357258669,False,False
VIRCHOW2,h1->h2,0.2578198015822052,0.0448890746491979,-0.2129307269330073,False,False
VIRCHOW2,h1->h3,0.2181923058271902,0.0249910700565783,-0.1932012357706119,False,False
VIRCHOW2,h1->h4,0.2811246545382043,0.0886126202975504,-0.19251203424065388,False,False
VIRCHOW2,h2->h0,0.25872314828353854,0.0449420846956636,-0.21378106358787494,False,False
VIRCHOW2,h2->h1,0.26338662819980246,0.08871804781190258,-0.1746685803878999,False,False
VIRCHOW2,h2->h3,0.24426515958231207,0.05041558354601091,-0.19384957603630115,False,False
VIRCHOW2,h2->h4,0.2511825111130683,0.0468869121200897,-0.20429559899297858,False,False
VIRCHOW2,h3->h0,0.21988834241998167,0.030367871578932403,-0.18952047084104928,False,False
VIRCHOW2,h3->h1,0.2258710897470911,0.0313504383378434,-0.1945206514092477,False,False
VIRCHOW2,h3->h2,0.23417434106572696,0.0562048965057425,-0.17796944455998445,False,False
VIRCHOW2,h3->h4,0.26390607691076823,0.19231381470923634,-0.07159226220153189,False,False
VIRCHOW2,h4->h0,0.26441021593141656,0.052716887587126594,-0.21169332834428997,False,False
VIRCHOW2,h4->h1,0.28181986565430245,0.0836730824023932,-0.19814678325190926,False,False
VIRCHOW2,h4->h2,0.24717262254014014,0.0376495232559534,-0.20952309928418672,False,False
VIRCHOW2,h4->h3,0.26539882901564776,0.04794238352275929,-0.21745644549288848,False,False
