design,model,pair,ece_lo,ece_hi,ece_delta,ece_slope,rises,auroc_lo,auroc_hi,auroc_mean,auroc_dist,degeneracy,degenerate_share
label-definition,CLIP,BRACS->CRC,0.21480456430819891,0.2999201632964821,0.08511559898828316,0.04210680296971747,True,0.6672765126380277,0.5265005905456619,0.5288376377647818,0.028837637764781765,0.7547296296296298,0.16666666666666666
label-definition,CLIP,CRC->BRACS,0.07766747544693066,0.20443531786100552,0.12676784241407485,0.05908384549612286,True,0.550280400225934,0.6608115468409586,0.6278855335000942,0.12788553350009424,0.610428849902534,0.05555555555555555
label-definition,CLIP,MHIST->PCam,0.23419750946897655,0.3117107328497158,0.07751322338073924,0.0399314647827899,True,0.5761673757143371,0.6281318991574014,0.5865768778574149,0.08657687785741486,0.9998728434244791,1.0
label-definition,CLIP,PCam->MHIST,0.20795438617959053,0.2509820835868923,0.04302769740730175,0.027924847186050913,True,0.453666186445765,0.4839366108409868,0.46825289633231276,0.03174710366768724,0.6540429887410442,0.0
label-definition,CONCH,BRACS->CRC,0.19447174762051736,0.2608707703288418,0.06639902270832446,0.031458506647405626,True,0.4446733506583425,0.2399745235914522,0.28735737363335306,0.21264262636664694,0.8880000000000001,0.16666666666666666
label-definition,CONCH,CRC->BRACS,0.23944636662991856,0.3375047992219981,0.09805843259207955,0.04824972860824571,True,0.4104534818042443,0.4284979423868312,0.4225873476962801,0.07741265230371991,0.8249512670565304,0.0
label-definition,CONCH,MHIST->PCam,0.22880447375379975,0.4550380096691915,0.22623353591539175,0.12534200757878045,True,0.6178767008432188,0.6955241265918396,0.7033099905317467,0.2033099905317467,0.9999287923177084,1.0
label-definition,CONCH,PCam->MHIST,0.11240985630266133,0.1508491012776405,0.03843924497497918,0.020854546346888266,True,0.6558541929287472,0.6332613001980911,0.637843908197771,0.13784390819777104,0.7421812805640849,0.0
label-definition,GigaPath,BRACS->CRC,0.23433253115498745,0.2779494868076844,0.04361695565269694,0.013588636076944084,True,0.5826687382494459,0.6020277153418039,0.59527890253394,0.09527890253394,0.8432148148148149,0.2222222222222222
label-definition,GigaPath,CRC->BRACS,0.20680769095167262,0.2323974910924541,0.025589800140781493,0.013394511153421924,True,0.6925229968530623,0.6024116436698136,0.6480699790204147,0.14806997902041474,0.9974658869395712,1.0
label-definition,GigaPath,MHIST->PCam,0.24351154339735057,0.4620518188702171,0.21854027547286656,0.11341055292329291,True,0.43567229191937407,0.4865364389132168,0.44222272436661086,0.057777275633389136,1.0,1.0
label-definition,GigaPath,PCam->MHIST,0.15150864683692367,0.2882877951085638,0.13677914827164012,0.06235423584627595,True,0.4509514376613242,0.5884296776517198,0.5329361506292895,0.03293615062928945,0.9980666439213012,1.0
label-definition,H-Optimus-0,BRACS->CRC,0.21539656723563463,0.2201482805864774,0.004751713350842762,-0.005114946949824723,True,0.5856597021025217,0.5009205371453805,0.5208286096657379,0.02082860966573785,0.9328703703703705,0.3888888888888889
label-definition,H-Optimus-0,CRC->BRACS,0.21022503609313695,0.2748610725607751,0.06463603646763813,0.03113015723442492,True,0.5882554667957719,0.574210239651416,0.5798417789612416,0.07984177896124156,1.0,1.0
label-definition,H-Optimus-0,MHIST->PCam,0.23168492060349258,0.4878179837068306,0.25613306310333805,0.1390603552628214,True,0.5754569701753242,0.5612062048133613,0.5606691614849287,0.060669161484928735,1.0,1.0
label-definition,H-Optimus-0,PCam->MHIST,0.2564632878285063,0.3160263547652373,0.059563066936731024,0.03009931394413519,True,0.6047121675970947,0.6447956059787502,0.629932268843668,0.12993226884366804,0.9987490048902536,1.0
label-definition,MIDNIGHT,BRACS->CRC,0.16287895364792007,0.2178914495758373,0.05501249592791724,0.02572157958700065,True,0.382960294614722,0.6221818019061016,0.5301162366210482,0.03011623662104823,0.9388037037037038,0.4444444444444444
label-definition,MIDNIGHT,CRC->BRACS,0.22836943170510912,0.2679748152200725,0.03960538351496337,0.018830884981622147,True,0.43374283869926566,0.4535675381263616,0.43436567013636734,0.06563432986363266,0.9974658869395713,1.0
label-definition,MIDNIGHT,MHIST->PCam,0.21797974446802473,0.3039692808201694,0.08598953635214465,0.04144564006217368,True,0.49991827767092345,0.4304590824711883,0.42890366483335535,0.07109633516664465,0.9999677870008681,1.0
label-definition,MIDNIGHT,PCam->MHIST,0.2475954763139763,0.3622809682613543,0.11468549194737801,0.055539266866530476,True,0.4423779938771835,0.44454349000540255,0.4461027072453328,0.0538972927546672,1.0,1.0
label-definition,PLIP,BRACS->CRC,0.18272101201453006,0.2610130446072705,0.07829203259274042,0.04074579313972693,True,0.6250759113056101,0.434316799709809,0.4648421639510263,0.03515783604897371,0.9044814814814816,0.2222222222222222
label-definition,PLIP,CRC->BRACS,0.0732865039507824,0.1786527894979636,0.1053662855471812,0.051664328224201014,True,0.6033748890502704,0.6132141128056161,0.6097654253745395,0.10976542537453948,0.8408382066276803,0.0
label-definition,PLIP,MHIST->PCam,0.2158091462338754,0.2067550421375808,-0.00905410409629459,-0.00623546042293007,False,0.4970365341310334,0.5750009498560672,0.5510678519064033,0.05106785190640328,0.9884440104166666,0.6666666666666666
label-definition,PLIP,PCam->MHIST,0.32425385120879363,0.2607234765022952,-0.06353037470649842,-0.041385045423966156,False,0.4228600156071793,0.5479335494327391,0.4862454228945314,0.013754577105468624,0.6941316956670077,0.0
label-definition,UNI,BRACS->CRC,0.1883583453200033,0.1880210433383179,-0.0003373019816854117,-0.007834124148443861,False,0.5756524307778458,0.401307538773908,0.44393441003586237,0.05606558996413763,0.9675185185185183,0.3888888888888889
label-definition,UNI,CRC->BRACS,0.2050295899760403,0.2718966452663764,0.06686705529033612,0.03341100173115964,True,0.590282820947309,0.5232540547083031,0.5500349659754162,0.050034965975416235,1.0,1.0
label-definition,UNI,MHIST->PCam,0.22463125742543544,0.4390379408458358,0.21440668342040037,0.11526938911017785,True,0.5046299859640597,0.5893857809897634,0.5394801414305727,0.03948014143057266,0.9999932183159722,1.0
label-definition,UNI,PCam->MHIST,0.16816393393345583,0.2845572668611981,0.11639333292774226,0.05979488272363978,True,0.4553499609820517,0.4419322888528723,0.44810012605798666,0.05189987394201334,0.8254293187762993,0.0
label-definition,VIRCHOW2,BRACS->CRC,0.18482871061057204,0.1377773467802993,-0.04705136383027275,-0.027841200065697756,False,0.511972884939197,0.7456394321532546,0.6889939506388458,0.18899395063884583,0.9756518518518518,0.4444444444444444
label-definition,VIRCHOW2,CRC->BRACS,0.2108791171669674,0.2676149925919617,0.05673587542499431,0.028151693497631844,True,0.6352578068264343,0.6347282740256596,0.6441228583340057,0.14412285833400573,1.0,1.0
label-definition,VIRCHOW2,MHIST->PCam,0.23065621619835264,0.4527512617160663,0.22209504551771364,0.1156072336150997,True,0.49760185821288966,0.6847770905274055,0.6018366881584042,0.10183668815840419,1.0,1.0
label-definition,VIRCHOW2,PCam->MHIST,0.10675920605828748,0.12259262157624869,0.015833415517961205,0.0012974147161828365,True,0.5652079956780119,0.584508373851972,0.5832735558356844,0.08327355583568441,0.9327305811440918,0.16666666666666666
covariate,CLIP,h0->h1,0.26377162886218497,0.0779017677671327,-0.18586986109505227,-0.09572710636924653,False,0.9224665185185187,0.9568906666666667,0.9469496790123456,0.4469496790123456,0.5821296296296296,0.0
covariate,CLIP,h0->h2,0.10401121081546706,0.1028423313056232,-0.0011688795098438592,-0.005794273789738614,False,0.7062177777777778,0.9660262222222222,0.8942246419753087,0.3942246419753087,0.5435740740740741,0.0
covariate,CLIP,h0->h3,0.2586284993928902,0.0610347366964388,-0.19759376269645137,-0.10427452113717567,False,0.9364745185185185,0.9575035555555557,0.9527253580246913,0.45272535802469127,0.550148148148148,0.0
covariate,CLIP,h0->h4,0.2145443101953263,0.36096573972852547,0.14642142953319917,0.07512798640471047,True,0.8287945185185185,0.9389328888888887,0.9025379012345679,0.4025379012345679,0.9677222222222223,0.0
covariate,CLIP,h1->h0,0.20075201102825002,0.0554775558508625,-0.14527445517738752,-0.07430412264223098,False,0.8785281481481482,0.9487888888888888,0.9227399753086419,0.42273997530864194,0.5257037037037038,0.0
covariate,CLIP,h1->h2,0.1210053968124883,0.0411296749761944,-0.0798757218362939,-0.03463933930898709,False,0.6288478518518518,0.8169204444444444,0.7346492098765433,0.23464920987654325,0.5479259259259259,0.0
covariate,CLIP,h1->h3,0.27205846703950115,0.0612686619058235,-0.21078980513367765,-0.10641332458556603,False,0.9377651851851851,0.9665631111111112,0.9568385185185185,0.45683851851851853,0.5609259259259258,0.0
covariate,CLIP,h1->h4,0.10029836148436021,0.2808270482029582,0.18052868671859795,0.09454979712674919,True,0.5534121481481482,0.669619111111111,0.6285817530864197,0.12858175308641973,0.9505740740740742,0.05555555555555555
covariate,CLIP,h2->h0,0.13224456685926816,0.0923210001380147,-0.03992356672125347,-0.01802514933765379,False,0.7673842962962963,0.9402248888888888,0.8834232839506173,0.3834232839506173,0.5569444444444446,0.0
covariate,CLIP,h2->h1,0.054904323473459804,0.1442315971829627,0.08932727370950289,0.046997742102756784,True,0.6429677037037037,0.8287613333333335,0.7605951358024692,0.2605951358024692,0.6724814814814816,0.0
covariate,CLIP,h2->h3,0.09993046596630473,0.10528518129347049,0.005354715327165763,0.0030289550709132643,True,0.7101404444444445,0.8825053333333334,0.823197851851852,0.323197851851852,0.6336111111111111,0.0
covariate,CLIP,h2->h4,0.13051188054112667,0.1187250184892072,-0.011786862051919464,-0.005134058388489236,False,0.7846736296296296,0.9666782222222222,0.9072499999999999,0.4072499999999999,0.6275740740740741,0.0
covariate,CLIP,h3->h0,0.240093852938162,0.0937809818002542,-0.1463128711379078,-0.07583906049470701,False,0.9037859259259259,0.9223097777777779,0.9175861975308641,0.4175861975308641,0.6012592592592592,0.0
covariate,CLIP,h3->h1,0.2703459152861712,0.23848241649709032,-0.031863498789080874,-0.011867968488312295,False,0.9384685925925926,0.9504737777777775,0.9472014567901234,0.44720145679012335,0.7482037037037038,0.0
covariate,CLIP,h3->h2,0.1228484386035764,0.23192577377218196,0.10907733516860556,0.06264028732897589,True,0.7168831111111111,0.8294426666666667,0.777169086419753,0.277169086419753,0.7914444444444444,0.0
covariate,CLIP,h3->h4,0.17814956878720867,0.4619809610369197,0.28383139224971105,0.1441329956843521,True,0.7192364444444445,0.7936164444444445,0.7634052345679011,0.2634052345679011,0.996462962962963,1.0
covariate,CLIP,h4->h0,0.21994509881801205,0.18741853265718636,-0.03252656616082569,-0.017990268635653922,False,0.8632761481481482,0.9094564444444444,0.8896683209876542,0.38966832098765425,0.766888888888889,0.0
covariate,CLIP,h4->h1,0.11146863713793538,0.3446827151721303,0.23321407803419492,0.11758888950418316,True,0.6153029629629629,0.6643502222222222,0.6299815555555556,0.12998155555555557,0.9658148148148147,0.05555555555555555
covariate,CLIP,h4->h2,0.2416834231405963,0.1583577776465314,-0.0833256454940649,-0.04838297367457145,False,0.8896948148148148,0.9664137777777778,0.9429849629629631,0.4429849629629631,0.6559629629629629,0.0
covariate,CLIP,h4->h3,0.1485285353168855,0.2834770022244651,0.13494846690757958,0.06997953117972505,True,0.770309037037037,0.8145231111111112,0.7979581728395062,0.2979581728395062,0.8986481481481482,0.0
covariate,CONCH,h0->h1,0.1831887260828947,0.017647381269645,-0.1655413448132497,-0.08090808636636201,False,0.9832811851851853,0.9880017777777778,0.9858730617283951,0.48587306172839506,0.5385185185185184,0.0
covariate,CONCH,h0->h2,0.19907892774620942,0.0433614402547041,-0.15571748749150532,-0.07661751030566863,False,0.9925383703703702,0.9952364444444445,0.9943899999999998,0.4943899999999998,0.5363148148148148,0.0
covariate,CONCH,h0->h3,0.1691996465764086,0.0173593638341791,-0.1518402827422295,-0.07512672004582505,False,0.9870681481481481,0.9900213333333333,0.9892851604938272,0.4892851604938272,0.5285740740740741,0.0
covariate,CONCH,h0->h4,0.2239761948736337,0.1302033414581548,-0.09377285341547892,-0.04677759583481902,False,0.9798471111111112,0.9835671111111112,0.9832468148148149,0.4832468148148149,0.6200925925925926,0.0
covariate,CONCH,h1->h0,0.15757720998343924,0.0208079964181991,-0.13676921356524013,-0.06774481634809734,False,0.9889746666666667,0.9927862222222222,0.9914823209876543,0.4914823209876543,0.5210370370370371,0.0
covariate,CONCH,h1->h2,0.20845137301820774,0.055339976512687204,-0.15311139650552053,-0.07578165857758673,False,0.9819918518518519,0.9832088888888887,0.9825672345679012,0.4825672345679012,0.5613148148148147,0.0
covariate,CONCH,h1->h3,0.17405038876642406,0.0190264968986767,-0.15502389186774737,-0.07692321609148245,False,0.9875380740740741,0.9897248888888889,0.9896590370370371,0.48965903703703706,0.5257222222222221,0.0
covariate,CONCH,h1->h4,0.19789799482737844,0.1190177767469947,-0.07888021808038374,-0.03271462430700317,False,0.9667487407407408,0.9563613333333332,0.9607344691358023,0.4607344691358023,0.6155185185185186,0.0
covariate,CONCH,h2->h0,0.16295489759568726,0.010531653327374801,-0.15242324426831247,-0.07425752012257372,False,0.9885509629629627,0.9933604444444444,0.9916493333333332,0.49164933333333316,0.5220370370370371,0.0
covariate,CONCH,h2->h1,0.1953162021920202,0.0779788927569045,-0.1173373094351157,-0.0565464890407048,False,0.9591063703703705,0.9706284444444444,0.9676725925925926,0.46767259259259264,0.600111111111111,0.0
covariate,CONCH,h2->h3,0.17869519592884142,0.0462257326759748,-0.13246946325286663,-0.06266094045692683,False,0.9825125925925926,0.985236,0.9847280740740741,0.48472807407407414,0.5535925925925925,0.0
covariate,CONCH,h2->h4,0.22227120925022245,0.0297565355646035,-0.19251467368561895,-0.09612615470696664,False,0.9909601481481481,0.9931519999999999,0.9925461728395062,0.4925461728395062,0.534814814814815,0.0
covariate,CONCH,h3->h0,0.1640573705800186,0.0194969925955836,-0.144560377984435,-0.07017644489789703,False,0.9889134814814815,0.9943777777777778,0.9926686913580246,0.4926686913580246,0.5106851851851852,0.0
covariate,CONCH,h3->h1,0.17811824817067237,0.0346717388928501,-0.14344650927782227,-0.07141943272473822,False,0.9804705185185186,0.9901128888888889,0.9866787654320986,0.48667876543209865,0.5320925925925926,0.0
covariate,CONCH,h3->h2,0.2128204728817463,0.0349012664226468,-0.1779192064590995,-0.08837282942739688,False,0.9871512592592592,0.9904373333333334,0.9896605432098765,0.4896605432098765,0.5122222222222222,0.0
covariate,CONCH,h3->h4,0.19221735264820672,0.0863971910073777,-0.10582016164082902,-0.05492851079728294,False,0.9719216296296297,0.9588217777777776,0.9670638271604938,0.46706382716049377,0.5677407407407408,0.0
covariate,CONCH,h4->h0,0.17602771002758888,0.023908189874217296,-0.15211952015337157,-0.07533807082584462,False,0.9771816296296296,0.9873195555555556,0.9834694074074074,0.4834694074074074,0.5390555555555555,0.0
covariate,CONCH,h4->h1,0.23757254825597973,0.0988400092702,-0.13873253898577975,-0.07194630087844579,False,0.9654994074074074,0.9651359999999999,0.9662563209876543,0.46625632098765435,0.6507222222222223,0.0
covariate,CONCH,h4->h2,0.20675167568151162,0.012599591526271598,-0.19415208415524002,-0.09588447420993315,False,0.9923456296296296,0.9942319999999999,0.9937384691358025,0.49373846913580255,0.5190740740740741,0.0
covariate,CONCH,h4->h3,0.21353725603144405,0.0562300789915165,-0.15730717703992755,-0.07730765112181001,False,0.9790053333333334,0.9779506666666666,0.9789945432098767,0.47899454320987667,0.5761481481481483,0.0
covariate,GigaPath,h0->h1,0.28458312453322315,0.063051445078341,-0.22153167945488217,-0.1104624669627293,False,0.9963617777777779,0.9967368888888887,0.9968315555555557,0.4968315555555557,0.5449259259259259,0.0
covariate,GigaPath,h0->h2,0.2806517079366439,0.0736400165218579,-0.20701169141478598,-0.10060637361820099,False,0.9918317037037038,0.9949484444444444,0.9940736296296296,0.49407362962962964,0.5574074074074074,0.0
covariate,GigaPath,h0->h3,0.24167267714847784,0.0585471728607502,-0.18312550428772764,-0.08893464274822445,False,0.9956518518518519,0.996802222222222,0.9966737283950616,0.49667372839506163,0.5389259259259259,0.0
covariate,GigaPath,h0->h4,0.3609351529903215,0.2760854432620153,-0.08484970972830619,-0.03651787589263509,False,0.9930238518518518,0.9933182222222222,0.99381,0.49380999999999997,0.8256111111111112,0.0
covariate,GigaPath,h1->h0,0.27513841848045345,0.0540369708391635,-0.22110144764128994,-0.11055602042528394,False,0.9957189629629629,0.997253777777778,0.9966117037037038,0.4966117037037038,0.5204074074074074,0.0
covariate,GigaPath,h1->h2,0.32009105606763083,0.146551283039338,-0.17353977302829282,-0.0889072421887383,False,0.9889622222222222,0.9922542222222224,0.9902850617283949,0.4902850617283949,0.5716111111111112,0.0
covariate,GigaPath,h1->h3,0.2445359955824761,0.0504755930225837,-0.1940604025598924,-0.09636354884546139,False,0.9963014814814816,0.9969199999999999,0.9969344197530865,0.4969344197530865,0.5218888888888888,0.0
covariate,GigaPath,h1->h4,0.3426627811342158,0.349771373027619,0.007108591893403238,0.002355245226106248,True,0.9816146666666666,0.9722075555555554,0.9763123703703703,0.47631237037037033,0.8971481481481481,0.0
covariate,GigaPath,h2->h0,0.2644339684070604,0.04561642785545359,-0.21881754055160682,-0.10869842966299274,False,0.9950887407407407,0.9972102222222222,0.9962725432098765,0.49627254320987646,0.5057592592592592,0.0
covariate,GigaPath,h2->h1,0.3052848723177949,0.1018380325483663,-0.20344683976942857,-0.10138825000348292,False,0.9851155555555554,0.9874306666666666,0.9873708888888887,0.4873708888888887,0.6009444444444445,0.0
covariate,GigaPath,h2->h3,0.28802636201831394,0.0694119425776215,-0.21861441944069243,-0.10911718543203995,False,0.993332,0.9900235555555555,0.9915313333333332,0.4915313333333332,0.5313518518518519,0.0
covariate,GigaPath,h2->h4,0.33983807939718935,0.1888401641013342,-0.15099791529585516,-0.07514766001114043,False,0.9904487407407409,0.9952751111111112,0.9938297777777777,0.4938297777777777,0.6560185185185186,0.0
covariate,GigaPath,h3->h0,0.26578817521279535,0.0550202426614668,-0.21076793255132856,-0.10545916832069478,False,0.9936997037037036,0.9953288888888888,0.9949516049382715,0.4949516049382715,0.5243333333333333,0.0
covariate,GigaPath,h3->h1,0.26361606794346215,0.0479737296298078,-0.21564233831365434,-0.10784012990692257,False,0.9933583703703704,0.9962991111111114,0.9951307407407407,0.4951307407407407,0.5346481481481481,0.0
covariate,GigaPath,h3->h2,0.3060159051591395,0.1807814491538905,-0.12523445600524902,-0.0642268715453827,False,0.9857245925925926,0.9886555555555555,0.9883644444444445,0.4883644444444445,0.6162407407407406,0.0
covariate,GigaPath,h3->h4,0.37431135540836064,0.34558695103095544,-0.0287244043774052,-0.01422313748583424,False,0.9902666666666665,0.9905528888888888,0.9911586913580247,0.4911586913580247,0.9437407407407409,0.0
covariate,GigaPath,h4->h0,0.3323360870202025,0.1223731571368879,-0.2099629298833146,-0.1060419394099546,False,0.9885580740740739,0.9960008888888888,0.9934285925925926,0.49342859259259264,0.5512222222222223,0.0
covariate,GigaPath,h4->h1,0.29945745505584825,0.1695440058817034,-0.12991344917414485,-0.06742281922238129,False,0.9586536296296296,0.9799813333333334,0.975062962962963,0.475062962962963,0.715462962962963,0.0
covariate,GigaPath,h4->h2,0.3488191826330178,0.1452006461575075,-0.20361853647551031,-0.1019463200149963,False,0.9927767407407408,0.996048,0.995304913580247,0.495304913580247,0.5796296296296296,0.0
covariate,GigaPath,h4->h3,0.3433668250641552,0.1451558952735725,-0.19821092979058272,-0.10001417580908196,False,0.9828653333333334,0.9898653333333337,0.9877927654320988,0.4877927654320988,0.5970740740740741,0.0
covariate,H-Optimus-0,h0->h1,0.30270731470900664,0.094479125533114,-0.20822818917589264,-0.10476687939970235,False,0.9906328888888889,0.9914551111111112,0.992211012345679,0.492211012345679,0.5878518518518518,0.0
covariate,H-Optimus-0,h0->h2,0.3105469213613013,0.1024895929505063,-0.208057328410795,-0.10290524314145115,False,0.9902118518518518,0.9957697777777778,0.9942530123456791,0.4942530123456791,0.5587962962962963,0.0
covariate,H-Optimus-0,h0->h3,0.264504608452903,0.059330465435398695,-0.20517414301750433,-0.10265528149286277,False,0.9959614814814813,0.996894222222222,0.9971478765432099,0.4971478765432099,0.5465740740740741,0.0
covariate,H-Optimus-0,h0->h4,0.34138339516248245,0.1818821518957275,-0.15950124326675494,-0.08049696487102902,False,0.989489925925926,0.9924551111111112,0.991854024691358,0.49185402469135797,0.6612222222222222,0.0
covariate,H-Optimus-0,h1->h0,0.3127573094841258,0.0877755457671145,-0.22498176371701128,-0.11203928513868658,False,0.9956634074074074,0.9970524444444444,0.9965840987654321,0.4965840987654321,0.5120555555555556,0.0
covariate,H-Optimus-0,h1->h2,0.32008859073053175,0.12395823533833,-0.19613035539220175,-0.0985750542010694,False,0.9914148148148146,0.994368,0.9929839012345677,0.4929839012345677,0.543611111111111,0.0
covariate,H-Optimus-0,h1->h3,0.259620492619804,0.04916818703533019,-0.21045230558447384,-0.10438408402577569,False,0.9958970370370371,0.9966426666666668,0.9965139506172841,0.4965139506172841,0.5151111111111112,0.0
covariate,H-Optimus-0,h1->h4,0.32227398679752267,0.1977745490885042,-0.12449943770901847,-0.06404471708145726,False,0.9702534814814815,0.9800226666666666,0.9785814814814815,0.4785814814814815,0.6292407407407407,0.0
covariate,H-Optimus-0,h2->h0,0.3280774366295114,0.0952559181395714,-0.23282151848993998,-0.1169204193514157,False,0.9949573333333334,0.9980631111111112,0.9970142962962965,0.49701429629629645,0.5222962962962964,0.0
covariate,H-Optimus-0,h2->h1,0.30716362392803304,0.1532892602101187,-0.15387436371791433,-0.07841550666350974,False,0.988629037037037,0.9938622222222223,0.9929329382716049,0.4929329382716049,0.6550555555555556,0.0
covariate,H-Optimus-0,h2->h3,0.3011824517654688,0.08379709866270961,-0.2173853531027592,-0.10958518995453029,False,0.9928004444444444,0.9949266666666668,0.9946228888888888,0.49462288888888883,0.5609444444444444,0.0
covariate,H-Optimus-0,h2->h4,0.342259993670367,0.1338793761659143,-0.20838061750445272,-0.10663247771591529,False,0.9901906666666666,0.9950364444444443,0.9933524938271604,0.4933524938271604,0.5727592592592594,0.0
covariate,H-Optimus-0,h3->h0,0.2879944043779233,0.0855454920205294,-0.20244891235739387,-0.10078655744015388,False,0.9930257777777779,0.9961626666666666,0.9953332592592593,0.4953332592592593,0.5242592592592593,0.0
covariate,H-Optimus-0,h3->h1,0.28365191479818386,0.0814512289015187,-0.20220068589666518,-0.10181014458421589,False,0.994209037037037,0.9972186666666668,0.9962454074074075,0.4962454074074075,0.5663333333333332,0.0
covariate,H-Optimus-0,h3->h2,0.3161788751159755,0.22686739706203882,-0.08931147805393666,-0.04417699049550112,False,0.9847829629629629,0.9914435555555556,0.9897746172839507,0.48977461728395066,0.7417777777777778,0.0
covariate,H-Optimus-0,h3->h4,0.34800593121682594,0.243330181383846,-0.10467574983297995,-0.052757191486768266,False,0.9831882962962962,0.990140888888889,0.9879572839506173,0.4879572839506173,0.7493518518518518,0.0
covariate,H-Optimus-0,h4->h0,0.3516882677974385,0.2163250959239347,-0.1353631718735038,-0.06728483028130747,False,0.991094074074074,0.9965639999999999,0.9949994074074074,0.49499940740740744,0.6960925925925926,0.0
covariate,H-Optimus-0,h4->h1,0.29419934583210117,0.211884524662215,-0.08231482116988617,-0.04531754639489683,False,0.9494186666666667,0.9861435555555556,0.9796720740740742,0.4796720740740742,0.8423703703703702,0.0
covariate,H-Optimus-0,h4->h2,0.3461705531626527,0.1907915142298765,-0.15537903893277621,-0.0766011876191515,False,0.9916134814814814,0.9944106666666667,0.9944460246913581,0.4944460246913581,0.6968703703703703,0.0
covariate,H-Optimus-0,h4->h3,0.3436601717037844,0.1399118067288428,-0.2037483649749416,-0.100191098136671,False,0.9847942222222222,0.9922435555555555,0.9902682222222222,0.4902682222222222,0.6604444444444444,0.0
covariate,MIDNIGHT,h0->h1,0.2146650844395007,0.0814149729121818,-0.1332501115273189,-0.06860007371147572,False,0.9737844444444445,0.9946715555555556,0.9876379753086418,0.48763797530864184,0.6094444444444445,0.0
covariate,MIDNIGHT,h0->h2,0.2039569385655133,0.0671959467765143,-0.136760991788999,-0.06813606873128676,False,0.9588880000000001,0.9949728888888888,0.9835632839506173,0.4835632839506173,0.5866296296296296,0.0
covariate,MIDNIGHT,h0->h3,0.18476359655779398,0.0643588391849777,-0.12040475737281628,-0.05979281084925052,False,0.9907386666666665,0.9935364444444444,0.9930539012345679,0.49305390123456794,0.5644259259259259,0.0
covariate,MIDNIGHT,h0->h4,0.2507663105843068,0.1171997362328856,-0.13356657435142122,-0.06765567975950286,False,0.9836242962962962,0.9962915555555556,0.9922773580246913,0.4922773580246913,0.581425925925926,0.0
covariate,MIDNIGHT,h1->h0,0.22044275682191902,0.0322132998113333,-0.18822945701058572,-0.09299761668192016,False,0.9934970370370371,0.9973791111111113,0.996342049382716,0.496342049382716,0.5122037037037038,0.0
covariate,MIDNIGHT,h1->h2,0.21923495401912838,0.0672582991779003,-0.15197665484122808,-0.07498865415366361,False,0.972362074074074,0.9941204444444446,0.9870664938271604,0.4870664938271604,0.5606666666666666,0.0
covariate,MIDNIGHT,h1->h3,0.18380882081208946,0.0413001966398478,-0.14250862417224167,-0.06901310506540112,False,0.9935879999999999,0.9961951111111113,0.9953647654320988,0.49536476543209884,0.5291851851851852,0.0
covariate,MIDNIGHT,h1->h4,0.22262248425161313,0.1083988060616828,-0.11422367818993033,-0.054345415267968405,False,0.9835303703703703,0.9918604444444444,0.9886455555555557,0.48864555555555567,0.5806666666666668,0.0
covariate,MIDNIGHT,h2->h0,0.22940058669512517,0.0534463972393694,-0.17595418945575578,-0.08771829684544144,False,0.9920158518518519,0.9968453333333333,0.9946192839506173,0.4946192839506173,0.5127407407407407,0.0
covariate,MIDNIGHT,h2->h1,0.24430448385428435,0.0616811063043221,-0.18262337754996225,-0.09270716143097539,False,0.9798570370370371,0.987696888888889,0.9848149382716049,0.48481493827160493,0.5423703703703704,0.0
covariate,MIDNIGHT,h2->h3,0.19823248022354759,0.0381992254976366,-0.16003325472591098,-0.07939859885011882,False,0.9839185185185185,0.9863617777777774,0.9848984691358024,0.48489846913580237,0.5460555555555556,0.0
covariate,MIDNIGHT,h2->h4,0.25199561932421527,0.072311734088326,-0.17968388523588927,-0.08932235225607364,False,0.9820435555555557,0.9952960000000001,0.9901325925925925,0.49013259259259245,0.5294074074074074,0.0
covariate,MIDNIGHT,h3->h0,0.1774777183892319,0.030235759772061204,-0.1472419586171707,-0.07267665330501723,False,0.9865223703703703,0.9960902222222222,0.9936144691358025,0.49361446913580254,0.524388888888889,0.0
covariate,MIDNIGHT,h3->h1,0.14717250959694808,0.028468573488226196,-0.11870393610872189,-0.058644335257262974,False,0.9697693333333334,0.9919480000000002,0.984503950617284,0.484503950617284,0.5505185185185185,0.0
covariate,MIDNIGHT,h3->h2,0.18074526498027976,0.0558178981728607,-0.12492736680741906,-0.06421848974801611,False,0.9458342222222221,0.9884204444444444,0.9755721481481481,0.4755721481481481,0.5598148148148147,0.0
covariate,MIDNIGHT,h3->h4,0.23168149020073092,0.0556910420213659,-0.17599044817936502,-0.08738829478429204,False,0.9810705185185187,0.9938564444444444,0.9899276543209877,0.4899276543209877,0.5275555555555557,0.0
covariate,MIDNIGHT,h4->h0,0.2092182024850128,0.0388430562486022,-0.1703751462364106,-0.08279643484289816,False,0.9915099259259259,0.9970075555555556,0.9951829135802468,0.4951829135802468,0.5367592592592594,0.0
covariate,MIDNIGHT,h4->h1,0.21496260115120117,0.0805425015039289,-0.13442009964727225,-0.06434365929320911,False,0.980783111111111,0.9889546666666668,0.9863834567901234,0.4863834567901234,0.6019814814814813,0.0
covariate,MIDNIGHT,h4->h2,0.23181709575669698,0.056572184326674,-0.175244911430023,-0.083881867803674,False,0.9748014814814816,0.9956404444444443,0.9882206666666667,0.48822066666666675,0.5872407407407407,0.0
covariate,MIDNIGHT,h4->h3,0.21290764670015797,0.0450495075288766,-0.16785813917128137,-0.08070305227807863,False,0.9924592592592593,0.9902404444444445,0.9923374814814815,0.4923374814814815,0.551,0.0
covariate,PLIP,h0->h1,0.22945786908578403,0.06038201105642551,-0.1690758580293585,-0.09040792119495696,False,0.9507717037037037,0.9696324444444443,0.9629361234567901,0.46293612345679014,0.5524814814814815,0.0
covariate,PLIP,h0->h2,0.24066544698072959,0.0518565213252986,-0.18880892565543098,-0.0929485962066091,False,0.9840865185185185,0.991928,0.9896408641975308,0.48964086419753083,0.5124629629629628,0.0
covariate,PLIP,h0->h3,0.23538973801514237,0.0576512700692637,-0.17773846794587866,-0.08785749952474026,False,0.9743786666666665,0.9766622222222222,0.9768712839506173,0.4768712839506173,0.5717777777777777,0.0
covariate,PLIP,h0->h4,0.2745850373257272,0.094760303370941,-0.1798247339547862,-0.08898532976525199,False,0.9795281481481481,0.9824968888888886,0.9823778024691356,0.48237780246913564,0.5828888888888889,0.0
covariate,PLIP,h1->h0,0.2519656505957214,0.09106309776311432,-0.16090255283260707,-0.08392741584116202,False,0.9745379259259259,0.986144,0.9826857283950617,0.48268572839506174,0.5566851851851851,0.0
covariate,PLIP,h1->h2,0.22883420450965253,0.0680628921018614,-0.16077131240779113,-0.08004170505160721,False,0.9343354074074074,0.962675111111111,0.9546566172839507,0.4546566172839507,0.5788148148148148,0.0
covariate,PLIP,h1->h3,0.2514069359954896,0.0553002830984022,-0.19610665289708737,-0.10017466692286534,False,0.9809142222222224,0.983448,0.9833526172839506,0.4833526172839506,0.5346666666666666,0.0
covariate,PLIP,h1->h4,0.2566667691418408,0.1508715789295417,-0.10579519021229908,-0.05456378485203762,False,0.9389819259259259,0.9224457777777776,0.9316752345679014,0.43167523456790136,0.6239629629629629,0.0
covariate,PLIP,h2->h0,0.25455899571079965,0.0414992478719059,-0.21305974783889375,-0.10660760609488008,False,0.9789408888888889,0.990872,0.9862444691358023,0.4862444691358023,0.547574074074074,0.0
covariate,PLIP,h2->h1,0.21876444662498584,0.0551794961464197,-0.16358495047856614,-0.08205203059181382,False,0.8941788148148149,0.9318791111111112,0.9196022716049383,0.41960227160493835,0.6741481481481482,0.0
covariate,PLIP,h2->h3,0.24670004710717644,0.1056679361587498,-0.14103211094842666,-0.06451367806607378,False,0.9476358518518517,0.957567111111111,0.955906962962963,0.45590696296296296,0.6422962962962964,0.0
covariate,PLIP,h2->h4,0.2794884454340733,0.0752104106310459,-0.20427803480302742,-0.10286101627061445,False,0.9804721481481482,0.9833853333333332,0.983484938271605,0.483484938271605,0.5694259259259259,0.0
covariate,PLIP,h3->h0,0.24603960295162394,0.0586093021329018,-0.18743030081872214,-0.09495287289431849,False,0.9721297777777776,0.981836,0.9797632345679013,0.47976323456790126,0.5481111111111112,0.0
covariate,PLIP,h3->h1,0.20288315705159163,0.0999677737434354,-0.10291538330815622,-0.049929710909454125,False,0.9434758518518519,0.968144,0.9572881481481481,0.4572881481481481,0.6255185185185187,0.0
covariate,PLIP,h3->h2,0.2331767975079658,0.0658163184804459,-0.16736047902751988,-0.08419416835930595,False,0.9456238518518519,0.9530773333333334,0.9567209135802469,0.4567209135802469,0.5396851851851854,0.0
covariate,PLIP,h3->h4,0.2792509086301957,0.3068729997892271,0.027622091159031414,0.02535129945526686,True,0.9640048888888888,0.9729306666666669,0.9717219506172841,0.47172195061728406,0.8263703703703703,0.0
covariate,PLIP,h4->h0,0.25420694800019733,0.046083208360790405,-0.20812373963940692,-0.10459925209882978,False,0.9737542222222223,0.9833782222222224,0.9806372098765431,0.4806372098765431,0.5370555555555555,0.0
covariate,PLIP,h4->h1,0.22722690024160105,0.0724565283884637,-0.15477037185313736,-0.08154682115280651,False,0.9079761481481481,0.909770222222222,0.9116766913580246,0.41167669135802465,0.6886296296296296,0.0
covariate,PLIP,h4->h2,0.24793166202156933,0.0369113409115303,-0.21102032111003902,-0.10483681725552975,False,0.9751586666666666,0.988784,0.9847207407407407,0.4847207407407407,0.526388888888889,0.0
covariate,PLIP,h4->h3,0.26586186913321225,0.0608625830430325,-0.20499928609017976,-0.105612193512724,False,0.9666894814814815,0.96528,0.9681833827160493,0.4681833827160493,0.6028888888888887,0.0
covariate,UNI,h0->h1,0.28296552733774344,0.0434555239178348,-0.23951000341990863,-0.12044635829777765,False,0.9949042962962963,0.9968542222222224,0.9964899259259261,0.4964899259259261,0.5350555555555556,0.0
covariate,UNI,h0->h2,0.27843135294850563,0.0674147030119131,-0.21101664993659253,-0.1048479507059968,False,0.9862322962962963,0.9955937777777778,0.991901160493827,0.49190116049382704,0.5390185185185185,0.0
covariate,UNI,h0->h3,0.24479014747001704,0.0511871567142645,-0.19360299075575255,-0.09550994014025187,False,0.9941752592592592,0.9971013333333335,0.996730987654321,0.496730987654321,0.5384259259259259,0.0
covariate,UNI,h0->h4,0.2884291620880379,0.09618415071393378,-0.19224501137410416,-0.09557351346906229,False,0.9924192592592593,0.9954417777777778,0.9943681728395063,0.4943681728395063,0.5509999999999999,0.0
covariate,UNI,h1->h0,0.29272913595477773,0.07759015630155,-0.21513897965322773,-0.10628533578351482,False,0.996288,0.9972431111111112,0.9967971604938272,0.49679716049382716,0.5307592592592594,0.0
covariate,UNI,h1->h2,0.3242947695573754,0.1340516006830015,-0.1902431688743739,-0.09540039181981769,False,0.9871954074074073,0.9920137777777778,0.9896588888888888,0.48965888888888875,0.5688518518518518,0.0
covariate,UNI,h1->h3,0.2752097274971425,0.09043332047862522,-0.18477640701851727,-0.08991681165122745,False,0.9951081481481481,0.9960991111111112,0.9958877530864197,0.49588775308641975,0.5497037037037038,0.0
covariate,UNI,h1->h4,0.32679959881255444,0.1606140797317866,-0.16618551908076784,-0.08026937526780888,False,0.988349925925926,0.990392,0.9896697777777778,0.48966977777777776,0.6331111111111112,0.0
covariate,UNI,h2->h0,0.27869560276485544,0.0406050942609081,-0.23809050850394733,-0.11965017595792254,False,0.996263111111111,0.9977457777777777,0.9971988641975309,0.4971988641975309,0.5143518518518518,0.0
covariate,UNI,h2->h1,0.3224805841654423,0.0864037060097685,-0.2360768781556738,-0.11805973524277022,False,0.9922328888888888,0.9940284444444444,0.9938531851851851,0.49385318518518506,0.5717407407407408,0.0
covariate,UNI,h2->h3,0.28321083535004726,0.05076378677674579,-0.23244704857330148,-0.11638571794517016,False,0.9941234074074075,0.9939519999999998,0.9939636790123457,0.4939636790123457,0.5433888888888889,0.0
covariate,UNI,h2->h4,0.3133507708427166,0.09055107412382861,-0.222799696718888,-0.11255912218346764,False,0.9946167407407408,0.9960057777777779,0.9956592098765431,0.4956592098765431,0.5520185185185186,0.0
covariate,UNI,h3->h0,0.2563463495565197,0.06027595062321891,-0.19607039893330078,-0.09864920316169021,False,0.9911863703703704,0.9960711111111112,0.9948872345679013,0.4948872345679013,0.5179444444444444,0.0
covariate,UNI,h3->h1,0.2646812111161904,0.0846580709668945,-0.18002314014929593,-0.0916026597201665,False,0.9878242962962963,0.9945293333333334,0.9925175061728395,0.4925175061728395,0.5772592592592594,0.0
covariate,UNI,h3->h2,0.29805041652941644,0.1310348450203187,-0.16701557150909774,-0.08659405372571595,False,0.986267851851852,0.9940733333333333,0.9918809629629629,0.4918809629629629,0.5765370370370371,0.0
covariate,UNI,h3->h4,0.3198184807617357,0.279004297732887,-0.040814183028848705,-0.02554536060360724,False,0.9840071111111112,0.9875822222222223,0.9884413086419754,0.48844130864197544,0.7738518518518519,0.0
covariate,UNI,h4->h0,0.2932114787717803,0.0948592297125554,-0.19835224905922488,-0.09891538308553889,False,0.9899685925925925,0.9961253333333332,0.9942134074074075,0.4942134074074075,0.5633333333333334,0.0
covariate,UNI,h4->h1,0.34360166387094376,0.1441316817171812,-0.19946998215376258,-0.10109566346769011,False,0.9905103703703704,0.9944955555555556,0.9934958765432099,0.4934958765432099,0.6714629629629629,0.0
covariate,UNI,h4->h2,0.3152037476729724,0.0764915778138207,-0.23871216985915167,-0.11932197245612036,False,0.9939813333333332,0.9976204444444444,0.9966192098765432,0.4966192098765432,0.5481296296296296,0.0
covariate,UNI,h4->h3,0.33979172222048115,0.1505015199586089,-0.18929020226187226,-0.09490427364537735,False,0.9894558518518517,0.9917808888888887,0.99155,0.49155000000000004,0.6653888888888889,0.0
covariate,VIRCHOW2,h0->h1,0.24838385660351084,0.0351628846325973,-0.21322097197091355,-0.10579501775802877,False,0.9898171851851852,0.9965337777777776,0.9947763456790124,0.4947763456790124,0.5517962962962965,0.0
covariate,VIRCHOW2,h0->h2,0.21723109715354907,0.0295362839762038,-0.18769481317734527,-0.09336846570916084,False,0.990481037037037,0.9975768888888888,0.9955172839506173,0.49551728395061734,0.5314814814814814,0.0
covariate,VIRCHOW2,h0->h3,0.20611308675485931,0.0236244004370538,-0.18248868631780552,-0.08874182652135833,False,0.9932548148148149,0.9971271111111112,0.9963186419753086,0.4963186419753086,0.5302037037037036,0.0
covariate,VIRCHOW2,h0->h4,0.25845093339871994,0.0673965766537187,-0.19105435674500124,-0.0961198840750556,False,0.9892751111111111,0.9962391111111112,0.9943941975308643,0.49439419753086433,0.557462962962963,0.0
covariate,VIRCHOW2,h1->h0,0.2451226390258063,0.0328762817671373,-0.212246357258669,-0.1056430943250674,False,0.9943804444444444,0.9977191111111111,0.996401975308642,0.49640197530864205,0.5078333333333332,0.0
covariate,VIRCHOW2,h1->h2,0.2578198015822052,0.0448890746491979,-0.2129307269330073,-0.10651752037177843,False,0.992981777777778,0.9965017777777779,0.9953251358024692,0.4953251358024692,0.5196481481481483,0.0
covariate,VIRCHOW2,h1->h3,0.2181923058271902,0.0249910700565783,-0.1932012357706119,-0.09482185413861194,False,0.9964985185185186,0.9976262222222222,0.9974356049382717,0.49743560493827166,0.5114074074074074,0.0
covariate,VIRCHOW2,h1->h4,0.2811246545382043,0.0886126202975504,-0.19251203424065388,-0.09644887950893617,False,0.9905404444444444,0.9928484444444444,0.9922791604938271,0.49227916049382714,0.5477037037037037,0.0
covariate,VIRCHOW2,h2->h0,0.25872314828353854,0.0449420846956636,-0.21378106358787494,-0.10749517037062405,False,0.9936837037037037,0.9979746666666668,0.9967498765432099,0.4967498765432099,0.5123148148148148,0.0
covariate,VIRCHOW2,h2->h1,0.26338662819980246,0.08871804781190258,-0.1746685803878999,-0.08961581369244397,False,0.9851167407407407,0.9960377777777779,0.9934153333333332,0.4934153333333332,0.5683148148148148,0.0
covariate,VIRCHOW2,h2->h3,0.24426515958231207,0.05041558354601091,-0.19384957603630115,-0.09665593741420435,False,0.9893648888888888,0.9951693333333335,0.9936222962962963,0.4936222962962963,0.5385185185185185,0.0
covariate,VIRCHOW2,h2->h4,0.2511825111130683,0.0468869121200897,-0.20429559899297858,-0.10239365960949297,False,0.9904023703703703,0.9968804444444443,0.9948880493827161,0.49488804938271613,0.5244074074074075,0.0
covariate,VIRCHOW2,h3->h0,0.21988834241998167,0.030367871578932403,-0.18952047084104928,-0.09348050457073201,False,0.992729925925926,0.9966875555555555,0.9955047901234568,0.49550479012345683,0.5156666666666667,0.0
covariate,VIRCHOW2,h3->h1,0.2258710897470911,0.0313504383378434,-0.1945206514092477,-0.09738079030678161,False,0.9918620740740741,0.9966657777777778,0.994921061728395,0.494921061728395,0.5463148148148148,0.0
covariate,VIRCHOW2,h3->h2,0.23417434106572696,0.0562048965057425,-0.17796944455998445,-0.08830050461813103,False,0.9875385185185185,0.9948924444444444,0.9927137283950617,0.49271372839506167,0.5438148148148148,0.0
covariate,VIRCHOW2,h3->h4,0.26390607691076823,0.19231381470923634,-0.07159226220153189,-0.036062767653318076,False,0.9866269629629629,0.9931555555555556,0.9910993580246913,0.4910993580246913,0.6215555555555556,0.0
covariate,VIRCHOW2,h4->h0,0.26441021593141656,0.052716887587126594,-0.21169332834428997,-0.10581984305842541,False,0.9893004444444444,0.9974173333333333,0.9952718024691357,0.4952718024691357,0.5232037037037037,0.0
covariate,VIRCHOW2,h4->h1,0.28181986565430245,0.0836730824023932,-0.19814678325190926,-0.09977751451737371,False,0.9843994074074075,0.9940844444444444,0.9915531604938272,0.49155316049382725,0.5888888888888889,0.0
covariate,VIRCHOW2,h4->h2,0.24717262254014014,0.0376495232559534,-0.20952309928418672,-0.10335618313941998,False,0.9931157037037037,0.9988675555555556,0.9974935308641976,0.49749353086419756,0.5260555555555555,0.0
covariate,VIRCHOW2,h4->h3,0.26539882901564776,0.04794238352275929,-0.21745644549288848,-0.10732923099262612,False,0.9882977777777778,0.9934617777777776,0.992105012345679,0.49210501234567905,0.5364444444444444,0.0
