model,dataset,fraction,auroc_old,ece_old,auroc_new,ece_new,d_auroc,d_ece
CLIP,BRACS,0.01,0.6942489976050666,0.10542660491440665,0.692657496489153,0.04768694801693237,-0.0015915011159136627,-0.05773965689747428
CLIP,BRACS,0.05,0.749851471267307,0.13699131433470588,0.7451840996137197,0.14540385499867456,-0.004667371653587327,0.008412540663968682
CLIP,BRACS,0.1,0.7634118963324905,0.11881308663692265,0.768069999723738,0.1391514765365145,0.004658103391247503,0.020338389899591844
CLIP,BRACS,0.25,0.7818683812258511,0.11910974403433965,0.7854897065307038,0.1184555986002716,0.003621325304852707,-0.0006541454340680403
CLIP,BRACS,0.5,0.7961214295193974,0.10464217710724387,0.7984852795990708,0.10586492118101297,0.002363850079673435,0.0012227440737690998
CLIP,BRACS,1.0,0.8137754803415936,0.0870837047793156,0.8137754803415936,0.0870837047827205,0.0,3.404901360859469e-12
CLIP,CRC,0.01,0.9770994330038499,0.36152668913971103,0.9778509391345048,0.3716042149743595,0.0007515061306548887,0.010077525834648493
CLIP,CRC,0.05,0.9895444216315319,0.2295305777176078,0.9892657163187518,0.22425435433741148,-0.0002787053127800698,-0.005276223380196315
CLIP,CRC,0.1,0.9926133522387571,0.1744512704520769,0.9924095809083866,0.17248435692864103,-0.00020377133037052797,-0.001966913523435865
CLIP,CRC,0.25,0.995353226725832,0.12356801567422755,0.9953330472645159,0.12409151927214228,-2.0179461316160996e-05,0.0005235035979147262
CLIP,CRC,0.5,0.9966765665307991,0.0942241289553845,0.9966694049915619,0.09361355328415473,-7.161539237188208e-06,-0.0006105756712297683
CLIP,CRC,1.0,0.9976325459696075,0.07183432036997589,0.9976336102290294,0.071816040302663,1.0642594219234525e-06,-1.8280067312886894e-05
CLIP,LungHist700,0.01,0.6350789770935871,0.14540839526099295,0.5935957686867618,0.0666421420935445,-0.04148320840682529,-0.07876625316744844
CLIP,LungHist700,0.05,0.7150317539732196,0.10333820625251709,0.7167410363061612,0.037439202721926405,0.0017092823329415419,-0.0658990035305907
CLIP,LungHist700,0.1,0.7445867510718508,0.15933710267690018,0.7837765167093155,0.0408989727195866,0.03918976563746468,-0.11843812995731359
CLIP,LungHist700,0.25,0.8080990499109554,0.11047181863529064,0.8175488703439499,0.08137838551740306,0.009449820432994471,-0.029093433117887577
CLIP,LungHist700,0.5,0.8263254777374573,0.07110711784476863,0.8238248850770452,0.0599325134752145,-0.0025005926604121376,-0.011174604369554128
CLIP,LungHist700,1.0,0.8354478917641995,0.1092982121133294,0.8354478917641995,0.1092982121133294,0.0,0.0
CLIP,MHIST,0.01,0.6539032955159373,0.15013008650633178,0.6378714208535926,0.12845928146609017,-0.01603187466234468,-0.021670805040241603
CLIP,MHIST,0.05,0.7860045620985653,0.15632978845145182,0.7678402064949877,0.15706095413440938,-0.018164355603577542,0.0007311656829575575
CLIP,MHIST,0.1,0.8141680172879525,0.17618919138288244,0.794968185365268,0.16488017853537165,-0.019199831922684485,-0.011309012847510791
CLIP,MHIST,0.25,0.834313284110691,0.1565658032920283,0.8244387418212379,0.15356606564652764,-0.009874542289453059,-0.0029997376455006552
CLIP,MHIST,0.5,0.8443784140704724,0.14100879491431664,0.8366198451287591,0.1330315146704281,-0.00775856894171334,-0.007977280243888552
CLIP,MHIST,1.0,0.8535251215559155,0.11701799192424811,0.8535251215559155,0.117017991924256,0.0,7.896461262646426e-15
CLIP,PCam,0.01,0.8811240910555439,0.08091328770655173,0.8808840606236917,0.0822048852751706,-0.00024003043185216733,0.0012915975686188658
CLIP,PCam,0.05,0.8990712118191869,0.0549628939463002,0.9001593407534351,0.05506694561580124,0.0010881289342481448,0.00010405166950104572
CLIP,PCam,0.1,0.9055140094341826,0.04870984123209917,0.9026683006339274,0.04418467885783553,-0.0028457088002551423,-0.00452516237426364
CLIP,PCam,0.25,0.9097178450829327,0.040477096396248365,0.9117764508117466,0.041246164271378234,0.0020586057288138893,0.0007690678751298696
CLIP,PCam,0.5,0.9135839868297753,0.041060241098982764,0.914129171988602,0.039583395698442436,0.0005451851588267331,-0.0014768454005403275
CLIP,PCam,1.0,0.9165845671518785,0.04063580368493753,0.9165845808112788,0.0406349207965251,1.365940027753254e-08,-8.828884124276182e-07
CLIP,SPIDER-Breast,0.01,0.8929578345361927,0.15382444896982184,0.8895534250114521,0.20887607437323444,-0.003404409524740637,0.0550516254034126
CLIP,SPIDER-Breast,0.05,0.9239862936183642,0.2530029447653342,0.9241040602027816,0.25473422898461434,0.00011776658441742249,0.0017312842192801492
CLIP,SPIDER-Breast,0.1,0.935494893620244,0.23133611400755016,0.9361118800433226,0.2311596472693084,0.0006169864230786137,-0.0001764667382417595
CLIP,SPIDER-Breast,0.25,0.9485581567222973,0.18827549013847347,0.949079599973908,0.18686022640271402,0.0005214432516107426,-0.0014152637357594533
CLIP,SPIDER-Breast,0.5,0.9570549251475561,0.1559555836312471,0.957221580126265,0.15613581578563548,0.00016665497870893553,0.00018023215438839335
CLIP,SPIDER-Breast,1.0,0.9639805733706058,0.12621864377108513,0.964099551574733,0.1268344182114173,0.00011897820412720694,0.000615774440332173
CONCH,BRACS,0.01,0.8331426413829757,0.12717445021346052,0.8228733676688282,0.16164629606804734,-0.010269273714147431,0.03447184585458682
CONCH,BRACS,0.05,0.8833508135675482,0.138840397144845,0.8733554055338645,0.13079222170367327,-0.009995408033683706,-0.008048175441171729
CONCH,BRACS,0.1,0.8901220875584152,0.10418972982619656,0.8854227171060987,0.11023268188153747,-0.004699370452316498,0.006042952055340903
CONCH,BRACS,0.25,0.8982913777118595,0.068494946465246,0.8955076003414884,0.07375914823073704,-0.0027837773703711655,0.005264201765491042
CONCH,BRACS,0.5,0.9016416204694128,0.04718694020530456,0.9013650345497082,0.060247341167649994,-0.0002765859197045861,0.013060400962345432
CONCH,BRACS,1.0,0.9046904324226631,0.02982466603114743,0.9046904324226631,0.0298246660233517,0.0,-7.795732809290357e-12
CONCH,CRC,0.01,0.9981102348212884,0.18831520537734,0.9981233307190734,0.19141131362935523,1.3095897785087018e-05,0.0030961082520152283
CONCH,CRC,0.05,0.9986960754214381,0.0690202139419633,0.998732770776923,0.07126407786965276,3.6695355484894776e-05,0.0022438639276894656
CONCH,CRC,0.1,0.9989033131613613,0.044968274269259305,0.9989266883888851,0.046510310095635436,2.337522752382526e-05,0.0015420358263761313
CONCH,CRC,0.25,0.9991577926897733,0.027392735964029,0.9991411443761807,0.027067505058870133,-1.6648313592604325e-05,-0.00032523090515886727
CONCH,CRC,0.5,0.9993179112414285,0.0192168323797353,0.9993184120077365,0.019023227087080735,5.007663079759084e-07,-0.00019360529265456325
CONCH,CRC,1.0,0.9994136787146107,0.013304782490951466,0.9994136787146107,0.0133047824909334,0.0,-1.8067145002298446e-14
CONCH,LungHist700,0.01,0.8630391844458026,0.32832815766082396,0.872882254934691,0.3314755818473539,0.009843070488888328,0.0031474241865299124
CONCH,LungHist700,0.05,0.9068458293980591,0.17393400103282422,0.92141144144803,0.24416182910451378,0.014565612049970866,0.07022782807168956
CONCH,LungHist700,0.1,0.9399848057002456,0.1894569065613576,0.9323496096378457,0.2779064631937607,-0.007635196062399818,0.08844955663240311
CONCH,LungHist700,0.25,0.9580448708235636,0.2374207802590579,0.9494319415615903,0.2603413313887399,-0.008612929261973323,0.02292055112968197
CONCH,LungHist700,0.5,0.9630159986154728,0.24228589436374948,0.9604421304314342,0.2381687392217026,-0.002573868184038597,-0.0041171551420468855
CONCH,LungHist700,1.0,0.971386775329594,0.20836451760473418,0.971386775329594,0.2083645176047342,0.0,2.7755575615628914e-17
CONCH,MHIST,0.01,0.6864277567681133,0.15286848925534527,0.638273605858695,0.11865530210746417,-0.048154150909418325,-0.0342131871478811
CONCH,MHIST,0.05,0.7603067411009065,0.13736837235358146,0.7378053904796206,0.14069197030316496,-0.022501350621285887,0.0033235979495835066
CONCH,MHIST,0.1,0.7772645416891771,0.13497208765482369,0.7870760549852932,0.13547337842117296,0.00981151329611607,0.0005012907663492772
CONCH,MHIST,0.25,0.8170613482201813,0.11849430481918255,0.8184960081637552,0.11843934261746082,0.001434659943573946,-5.4962201721728277e-05
CONCH,MHIST,0.5,0.8344723572843508,0.11280729595687407,0.8359370310342759,0.10882137990896551,0.001464673749925094,-0.003985916047908558
CONCH,MHIST,1.0,0.8509814514676751,0.09174233457362387,0.8509814514676751,0.0917423345736239,0.0,2.7755575615628914e-17
CONCH,PCam,0.01,0.9535609796313743,0.05305816204743677,0.9551076869180176,0.05189354700062626,0.0015467072866433007,-0.0011646150468105076
CONCH,PCam,0.05,0.9576230207713744,0.03696480842753403,0.959213317687757,0.0372189203973158,0.001590296916382572,0.0002541119697817701
CONCH,PCam,0.1,0.9599981483317017,0.032284310553740765,0.9598661575470432,0.033464365254917895,-0.0001319907846585311,0.00118005470117713
CONCH,PCam,0.25,0.9628551869835859,0.03394442570947747,0.963327850661171,0.034307275574542405,0.00047266367758513894,0.0003628498650649348
CONCH,PCam,0.5,0.9647091873142255,0.03491870538205754,0.9651546836864681,0.03501918408350583,0.0004454963722425598,0.00010047870144828941
CONCH,PCam,1.0,0.9657347251512167,0.03810250608683203,0.9657203306268759,0.0381210417352446,-1.4394524340821668e-05,1.8535648412573713e-05
CONCH,SPIDER-Breast,0.01,0.9686946707525999,0.30678602032173,0.9657586850230108,0.31591851188452474,-0.0029359857295890857,0.00913249156279472
CONCH,SPIDER-Breast,0.05,0.9786238878302208,0.184482178930184,0.9780313967967066,0.18617711984432353,-0.0005924910335142197,0.00169494091413952
CONCH,SPIDER-Breast,0.1,0.9817240033097008,0.13776778488785904,0.9817323644222663,0.1382260428407122,8.361112565524742e-06,0.0004582579528531472
CONCH,SPIDER-Breast,0.25,0.9848903041541176,0.09093235041633903,0.984986710222968,0.09188903163893485,9.640606885041869e-05,0.0009566812225958177
CONCH,SPIDER-Breast,0.5,0.9868259652619621,0.06593301838262873,0.9869197083573639,0.0674730436082168,9.374309540177705e-05,0.0015400252255880764
CONCH,SPIDER-Breast,1.0,0.9883801615527487,0.04580483432303867,0.9883801724238772,0.0458057197914103,1.0871128552913945e-08,8.854683716322254e-07
GigaPath,BRACS,0.01,0.7360244907734259,0.0800929291580152,0.7484708350915379,0.08351767051390056,0.01244634431811198,0.003424741355885358
GigaPath,BRACS,0.05,0.836150054456294,0.1220474715639474,0.8369912232549149,0.12208714268985676,0.0008411687986209504,3.9671125909371274e-05
GigaPath,BRACS,0.1,0.8580941284023192,0.10832126469280896,0.8582384208518695,0.1462052780863398,0.0001442924495502762,0.03788401339353083
GigaPath,BRACS,0.25,0.8798479534968386,0.11307314442037027,0.8804097839945064,0.1253036416750688,0.0005618304976677813,0.012230497254698533
GigaPath,BRACS,0.5,0.8904622952750086,0.08962979971846356,0.8911053213923005,0.08494080868550334,0.0006430261172918339,-0.004688991032960221
GigaPath,BRACS,1.0,0.8982040556571903,0.0660298730265526,0.8982040556571903,0.0660298730265227,0.0,-2.989275493803234e-14
GigaPath,CRC,0.01,0.9992712453783247,0.2409798242042013,0.9992842578903988,0.24068472372861513,1.301251207408427e-05,-0.00029510047558617414
GigaPath,CRC,0.05,0.999493695779451,0.0833177400560494,0.9995267227820163,0.08439585855790117,3.30270025652446e-05,0.0010781185018517714
GigaPath,CRC,0.1,0.999609980805673,0.051213561968420564,0.9996199062946444,0.05284453979511807,9.925488971385121e-06,0.0016309778266975078
GigaPath,CRC,0.25,0.9997853633724746,0.027407325547043032,0.9997821786064596,0.027701029056849,-3.184766015018603e-06,0.0002937035098059676
GigaPath,CRC,0.5,0.9998594607954102,0.017500240324032867,0.9998558845190169,0.01781577359563327,-3.57627639335778e-06,0.0003155332716004017
GigaPath,CRC,1.0,0.9999000489102977,0.011179249104720235,0.9999000489102977,0.011179249117577098,0.0,1.2856863143562158e-11
GigaPath,LungHist700,0.01,0.6407703812280728,0.1479376293169822,0.6552185811632839,0.18627318480918809,0.01444819993521107,0.03833555549220588
GigaPath,LungHist700,0.05,0.7596100642108946,0.16126545602793604,0.7713094078459294,0.12002946064949149,0.011699343635034776,-0.04123599537844455
GigaPath,LungHist700,0.1,0.823044135070103,0.13493278993475266,0.8372409155212354,0.1521467933022509,0.014196780451132374,0.017214003367498232
GigaPath,LungHist700,0.25,0.9175308369633576,0.22453547006712538,0.9111310261215273,0.27501600308527635,-0.006399810841830278,0.050480533018150975
GigaPath,LungHist700,0.5,0.9456523765205028,0.30319880483481093,0.9374710036463222,0.3186337968312709,-0.008181372874180637,0.015434991996459979
GigaPath,LungHist700,1.0,0.96452289514029,0.31209289068839147,0.96452289514029,0.3120928906883917,0.0,2.220446049250313e-16
GigaPath,MHIST,0.01,0.6573338735818476,0.1671562241366007,0.6696305300438201,0.12025281782490443,0.012296656461972533,-0.04690340631169626
GigaPath,MHIST,0.05,0.8378549132600996,0.17747063403439797,0.7945359865538147,0.1423442552239066,-0.0433189267062849,-0.03512637881049138
GigaPath,MHIST,0.1,0.843563539228045,0.1548057134318103,0.8362776877363588,0.14860002438748945,-0.007285851491686146,-0.006205689044320839
GigaPath,MHIST,0.25,0.860198691398043,0.11817901770518158,0.8528438081517499,0.1179449163012447,-0.007354883246293076,-0.0002341014039368705
GigaPath,MHIST,0.5,0.8746833543429977,0.10407205277090216,0.8679572603397564,0.0976822603109712,-0.006726094003241312,-0.00638979245993096
GigaPath,MHIST,1.0,0.8868359445344859,0.0826854753853367,0.8868359445344859,0.0826854753853331,0.0,-3.608224830031759e-15
GigaPath,PCam,0.01,0.9820793486705228,0.07295321771448923,0.9815769149509649,0.07127125174862557,-0.0005024337195579376,-0.0016819659658636604
GigaPath,PCam,0.05,0.9828145013175056,0.03842978700501783,0.9842018605243087,0.03855595664018003,0.001387359206803107,0.00012616963516219604
GigaPath,PCam,0.1,0.9827219613643093,0.0314272206209818,0.9837883085222064,0.0323334232925287,0.0010663471578971073,0.0009062026715469032
GigaPath,PCam,0.25,0.981981927344381,0.0359821872578931,0.9828672638553974,0.03508488175587133,0.0008853365110164102,-0.0008973055020217724
GigaPath,PCam,0.5,0.9817590431851388,0.03709032908040833,0.981273523528387,0.03905180935766454,-0.0004855196567518094,0.0019614802772562057
GigaPath,PCam,1.0,0.9799245745550996,0.04172972250360069,0.9799245745550996,0.041729722503603205,0.0,2.5118795932144167e-15
GigaPath,SPIDER-Breast,0.01,0.9867169179380566,0.4202344123762171,0.9866319502197977,0.4219817516287485,-8.496771825894367e-05,0.001747339252531399
GigaPath,SPIDER-Breast,0.05,0.9928523400879774,0.2163889743265104,0.9926473867375661,0.21360157174506836,-0.00020495335041126328,-0.0027874025814420555
GigaPath,SPIDER-Breast,0.1,0.9936083435155242,0.14560984155485873,0.9936328976928032,0.14464500314258924,2.455417727897924e-05,-0.000964838412269492
GigaPath,SPIDER-Breast,0.25,0.9943848103738807,0.08291529837605989,0.9944494109858436,0.0813310397135969,6.460061196289502e-05,-0.0015842586624629923
GigaPath,SPIDER-Breast,0.5,0.9947299397318584,0.05014697254743137,0.9946296857928907,0.047965605791447465,-0.00010025393896773149,-0.0021813667559839045
GigaPath,SPIDER-Breast,1.0,0.9948217291381395,0.02535442604734463,0.9948218618972472,0.0254336506982645,1.3275910770715882e-07,7.922465091986935e-05
H-Optimus-0,BRACS,0.01,0.7207285445570522,0.07943350677041763,0.746102606055843,0.07371666982367286,0.025374061498790845,-0.005716836946744769
H-Optimus-0,BRACS,0.05,0.8270342340759141,0.1276076992010814,0.8284092519935039,0.09002252660475966,0.0013750179175897603,-0.03758517259632173
H-Optimus-0,BRACS,0.1,0.8562595524778431,0.10116882836456703,0.8520697230214633,0.10224462227181617,-0.004189829456379801,0.0010757939072491424
H-Optimus-0,BRACS,0.25,0.8773947797003719,0.09397960407801308,0.8749332893426653,0.08831951010145807,-0.002461490357706597,-0.0056600939765550085
H-Optimus-0,BRACS,0.5,0.8875011211919898,0.07598418519002546,0.8888329017825662,0.07183762660967626,0.0013317805905764812,-0.004146558580349208
H-Optimus-0,BRACS,1.0,0.8956033932491522,0.05696337787141823,0.8956033932491522,0.0569633778570384,0.0,-1.4379830659549953e-11
H-Optimus-0,CRC,0.01,0.9994428578949804,0.2302169930003448,0.9994320475219213,0.2293915037233112,-1.0810373059166878e-05,-0.0008254892770335753
H-Optimus-0,CRC,0.05,0.9996359778754691,0.0791826958185776,0.9996554818040555,0.08021026169337424,1.950392858640626e-05,0.001027565874796632
H-Optimus-0,CRC,0.1,0.9997273597867785,0.0484730869663228,0.9997250585229436,0.049518472231021765,-2.301263834936229e-06,0.001045385264698967
H-Optimus-0,CRC,0.25,0.9998758660172401,0.026647138978583066,0.9998582704471026,0.02626688253749243,-1.7595570137474148e-05,-0.0003802564410906352
H-Optimus-0,CRC,0.5,0.9999291026385028,0.0164495570760833,0.9999254287984011,0.0165667969026684,-3.6738401016922495e-06,0.0001172398265851006
H-Optimus-0,CRC,1.0,0.999951537035037,0.011140957989430164,0.999951537035037,0.011140957989439001,0.0,8.836681386625855e-15
H-Optimus-0,LungHist700,0.01,0.6336078205463992,0.1328453119692891,0.6407132246130499,0.16069613697488894,0.007105404066650722,0.02785082500559985
H-Optimus-0,LungHist700,0.05,0.7431846046330808,0.14718026035978318,0.7539810642172284,0.08956763341182183,0.010796459584147655,-0.05761262694796135
H-Optimus-0,LungHist700,0.1,0.8142401688358992,0.09827481450988702,0.8247311813060579,0.1526746563525956,0.010491012470158712,0.05439984184270859
H-Optimus-0,LungHist700,0.25,0.9123798347188051,0.21058394055557758,0.9206702707671077,0.2666583747015141,0.008290436048302596,0.05607443414593652
H-Optimus-0,LungHist700,0.5,0.9438361454465874,0.3321239380909021,0.9409427454201967,0.3223533306203519,-0.0028934000263907134,-0.009770607470550252
H-Optimus-0,LungHist700,1.0,0.9637720379268856,0.3144088020647316,0.9637720379268856,0.3144088020647313,0.0,-2.7755575615628914e-16
H-Optimus-0,MHIST,0.01,0.6592142385497328,0.1485376985507529,0.7012260639894351,0.13198192407336617,0.04201182543970228,-0.016555774477386737
H-Optimus-0,MHIST,0.05,0.7930908217780178,0.1622728937653742,0.7679602617203914,0.13907450896881574,-0.025130560057626372,-0.023198384796558474
H-Optimus-0,MHIST,0.1,0.8093898193168857,0.1326314340404767,0.8119109790503632,0.12622036853546206,0.0025211597334775515,-0.006411065505014635
H-Optimus-0,MHIST,0.25,0.8409433339336094,0.0993575541720521,0.8448961522300258,0.1074046794964796,0.0039528182964163605,0.008047125324427501
H-Optimus-0,MHIST,0.5,0.8673419773095624,0.10169212586305604,0.8672609400324148,0.09727958857543723,-8.103727714758868e-05,-0.004412537287618812
H-Optimus-0,MHIST,1.0,0.8848370250315144,0.0842599051562367,0.8848370250315144,0.08425990515624641,0.0,9.71445146547012e-15
H-Optimus-0,PCam,0.01,0.9824128230595153,0.07112506444229404,0.9822110116295749,0.06728057931169937,-0.00020181142994035728,-0.0038444851305946687
H-Optimus-0,PCam,0.05,0.9850574990156447,0.04088843169298784,0.9848634622679762,0.03914364684972466,-0.00019403674766849122,-0.0017447848432631738
H-Optimus-0,PCam,0.1,0.9851521685935168,0.03336021994003463,0.985261808874068,0.033750959830880466,0.00010964028055115982,0.00039073989084583566
H-Optimus-0,PCam,0.25,0.9844852620354958,0.033188861296344636,0.9840037507918371,0.0338413797235867,-0.00048151124365869435,0.0006525184272420659
H-Optimus-0,PCam,0.5,0.9838229177171599,0.0350779022196514,0.9843411094175566,0.03375504487493306,0.0005181917003966863,-0.0013228573447183409
H-Optimus-0,PCam,1.0,0.9821887579830332,0.03658758185525934,0.9821887579830332,0.0365875818552595,0.0,1.6653345369377348e-16
H-Optimus-0,SPIDER-Breast,0.01,0.9915489297147492,0.4581944471749553,0.9910003163773702,0.4654186525953395,-0.0005486133373789892,0.007224205420384211
H-Optimus-0,SPIDER-Breast,0.05,0.9947058743737749,0.2219364945728258,0.9943629307595131,0.2220228964536457,-0.00034294361426179254,8.640188081990297e-05
H-Optimus-0,SPIDER-Breast,0.1,0.9950410104608189,0.144608284259755,0.9949721186274495,0.14668145909693667,-6.889183336944438e-05,0.0020731748371816683
H-Optimus-0,SPIDER-Breast,0.25,0.9954659605957744,0.0824090741446638,0.9954586378021889,0.07960067868105497,-7.322793585506915e-06,-0.002808395463608823
H-Optimus-0,SPIDER-Breast,0.5,0.9956376125144416,0.048573948516994564,0.9955851101091971,0.04865833957767653,-5.250240524445893e-05,8.43910606819695e-05
H-Optimus-0,SPIDER-Breast,1.0,0.9956255660731292,0.025403966022288033,0.9956255660731292,0.025403965932187505,0.0,-9.010052773317234e-11
MIDNIGHT,BRACS,0.01,0.7503080232517382,0.06074622851495116,0.748884222159965,0.10554416080676217,-0.0014238010917732025,0.04479793229181101
MIDNIGHT,BRACS,0.05,0.8220805707614413,0.10747262563595088,0.8243180804717358,0.09330405643514246,0.002237509710294572,-0.014168569200808417
MIDNIGHT,BRACS,0.1,0.8446478696257359,0.08963551409057374,0.8508230972316739,0.09619728509686047,0.006175227605938027,0.006561771006286729
MIDNIGHT,BRACS,0.25,0.8717992549102607,0.07710789435421507,0.8697692886789777,0.06697756017570776,-0.0020299662312829314,-0.010130334178507311
MIDNIGHT,BRACS,0.5,0.8838721150319424,0.07131363595345556,0.881514719044072,0.06959495315005283,-0.0023573959878704365,-0.0017186828034027324
MIDNIGHT,BRACS,1.0,0.8920914360615791,0.07196549473380577,0.8920914360615791,0.0719654947204255,0.0,-1.3380269114904308e-11
MIDNIGHT,CRC,0.01,0.9982130293305681,0.17792389662372768,0.9982762474795619,0.18177442233573035,6.32181489937933e-05,0.0038505257120026726
MIDNIGHT,CRC,0.05,0.9988288273663506,0.06602356971427403,0.9988441070248886,0.06659325682277967,1.5279658537981078e-05,0.0005696871085056343
MIDNIGHT,CRC,0.1,0.9991015180717374,0.043250148231093966,0.9991079450596366,0.04360235000213244,6.426987899210701e-06,0.00035220177103847256
MIDNIGHT,CRC,0.25,0.9994324568158645,0.025302432662578433,0.9994158380393111,0.0252928663189462,-1.6618776553345427e-05,-9.566343632232827e-06
MIDNIGHT,CRC,0.5,0.9995833658604076,0.017229255190012567,0.9995895422033597,0.0177705886734413,6.176342952080027e-06,0.0005413334834287326
MIDNIGHT,CRC,1.0,0.9996967099917168,0.012732123665626668,0.9996967099917168,0.0127321236652125,0.0,-4.1416869933641465e-13
MIDNIGHT,LungHist700,0.01,0.7447001165373779,0.2072079805457051,0.6970259101823251,0.17268684421444583,-0.04767420635505282,-0.03452113633125928
MIDNIGHT,LungHist700,0.05,0.8213208859711351,0.15507004651966208,0.8216573028165066,0.18546932575299294,0.0003364168453715566,0.030399279233330856
MIDNIGHT,LungHist700,0.1,0.858471280844357,0.14410340646636013,0.8623333798427102,0.22755250471060418,0.003862098998353214,0.08344909824424404
MIDNIGHT,LungHist700,0.25,0.9131852140775747,0.18306072486348532,0.8983472266631974,0.1734785971753482,-0.014837987414377252,-0.009582127688137126
MIDNIGHT,LungHist700,0.5,0.9302623248507675,0.17424885939688273,0.9151711431481999,0.16900687819597007,-0.015091181702567624,-0.005241981200912654
MIDNIGHT,LungHist700,1.0,0.9460658957717402,0.19460740867460422,0.9460658957717402,0.1946074086746045,0.0,2.7755575615628914e-16
MIDNIGHT,MHIST,0.01,0.5456119815114953,0.1451791836178442,0.49919412929947776,0.09058553970056205,-0.046417852212017496,-0.054593643917282164
MIDNIGHT,MHIST,0.05,0.613419172819497,0.10129567019719053,0.6173689897352782,0.10513378269272163,0.0039498169157812235,0.003838112495531093
MIDNIGHT,MHIST,0.1,0.6281049282670028,0.1016341757645014,0.6685710426796326,0.10191184571118694,0.04046611441262982,0.0002776699466855437
MIDNIGHT,MHIST,0.25,0.6729560597875022,0.0791413340805211,0.6906176841347019,0.08962050465834644,0.017661624347199756,0.010479170577825339
MIDNIGHT,MHIST,0.5,0.7118959721471877,0.0855836198874425,0.7119484963083019,0.08923911654272497,5.2524161114231305e-05,0.0036554966552824752
MIDNIGHT,MHIST,1.0,0.7383261300198093,0.0825294760265743,0.7383261300198093,0.0825294760265743,0.0,0.0
MIDNIGHT,PCam,0.01,0.9449223017985354,0.055578046874184495,0.9461685084884003,0.057162632323424,0.0012462066898648594,0.0015845854492395062
MIDNIGHT,PCam,0.05,0.95444168063865,0.051136851545961835,0.9567592710798145,0.04851941979539237,0.00231759044116453,-0.002617431750569464
MIDNIGHT,PCam,0.1,0.955762711039581,0.050002900231721735,0.9566371821185768,0.049733995013704825,0.0008744710789958532,-0.0002689052180169099
MIDNIGHT,PCam,0.25,0.9552695694374873,0.05247003726678127,0.9567336000996818,0.05171385473205817,0.001464030662194471,-0.0007561825347231002
MIDNIGHT,PCam,0.5,0.9543999449620545,0.05377688632321834,0.9549784689916111,0.05249632930918103,0.0005785240295566041,-0.0012805570140373077
MIDNIGHT,PCam,1.0,0.9534379270615373,0.055800400729676826,0.9534379270615373,0.0558004007295935,0.0,-8.33291768920219e-14
MIDNIGHT,SPIDER-Breast,0.01,0.951962339260012,0.28606224046270334,0.9501060182096676,0.3096522271560766,-0.0018563210503443894,0.023589986693373255
MIDNIGHT,SPIDER-Breast,0.05,0.974403519720398,0.19186140126236143,0.9738110770652678,0.19343841360061464,-0.0005924426551301432,0.0015770123382532197
MIDNIGHT,SPIDER-Breast,0.1,0.9793800824035644,0.14882960676223803,0.9795181539169912,0.15013480710810148,0.00013807151342670743,0.0013052003458634553
MIDNIGHT,SPIDER-Breast,0.25,0.9846328331287859,0.10506982796665133,0.9844765668836802,0.10547448933307879,-0.000156266245105674,0.0004046613664274584
MIDNIGHT,SPIDER-Breast,0.5,0.9871130219794043,0.07786556685053003,0.9872048977761,0.07638629791862529,9.187579669567292e-05,-0.0014792689319047397
MIDNIGHT,SPIDER-Breast,1.0,0.9890096915712672,0.05681235728528913,0.9890044041628118,0.0568351196433577,-5.287408455401099e-06,2.276235806856347e-05
PLIP,BRACS,0.01,0.7362280332568036,0.1010193359944348,0.7284771416491291,0.0693492410057356,-0.007750891607674504,-0.0316700949886992
PLIP,BRACS,0.05,0.7930047460525961,0.18152258736492302,0.8038182290745216,0.1410411215733741,0.01081348302192553,-0.04048146579154893
PLIP,BRACS,0.1,0.8019537409022695,0.1413248822280284,0.8239260648762795,0.14190945982954487,0.021972323974010055,0.0005845776015164783
PLIP,BRACS,0.25,0.8335095417419729,0.10908049966238383,0.8361349685887881,0.12499319562033955,0.0026254268468152153,0.01591269595795572
PLIP,BRACS,0.5,0.8455956302489168,0.08688758455786377,0.8455337622619351,0.07843997638740596,-6.186798698171181e-05,-0.00844760817045781
PLIP,BRACS,1.0,0.856587673169057,0.05877719375976479,0.856587673169057,0.0587771940646065,0.0,3.048417074325016e-10
PLIP,CRC,0.01,0.9955893422298775,0.28483336905944123,0.9960008341429091,0.28713097374915475,0.00041149191303158084,0.002297604689713517
PLIP,CRC,0.05,0.9976747273212075,0.12802182232625003,0.9976718059652789,0.12777778617442795,-2.921355928608982e-06,-0.0002440361518220857
PLIP,CRC,0.1,0.9981878910269938,0.08946212333742891,0.998155085565315,0.0880121138921124,-3.2805461678830916e-05,-0.001450009445316508
PLIP,CRC,0.25,0.9986640712422773,0.05551504272361593,0.9986530545451138,0.055428517890110635,-1.1016697163523936e-05,-8.652483350529705e-05
PLIP,CRC,0.5,0.998939538802753,0.039117805573677035,0.9989412106059538,0.038912375407275,1.6718032007645434e-06,-0.00020543016640203748
PLIP,CRC,1.0,0.9991666117025452,0.028127211305833,0.9991666117025452,0.028127211323202405,0.0,1.7369404525791055e-11
PLIP,LungHist700,0.01,0.7831737433488303,0.31697155017113693,0.7624613886806659,0.3074564829918449,-0.020712354668164346,-0.009515067179292014
PLIP,LungHist700,0.05,0.8443570930957423,0.13257645221417616,0.8474709085949453,0.21346466849053036,0.0031138154992030875,0.0808882162763542
PLIP,LungHist700,0.1,0.8704347238704081,0.16260705959057986,0.8760928273474713,0.14808474756460036,0.005658103477063192,-0.014522312025979506
PLIP,LungHist700,0.25,0.9027373712459057,0.18112413547186432,0.8960891558904108,0.23020909323579905,-0.006648215355494869,0.04908495776393473
PLIP,LungHist700,0.5,0.9054580960616416,0.2277470092110975,0.9036981086794643,0.23268521100633185,-0.0017599873821773082,0.004938201795234354
PLIP,LungHist700,1.0,0.9220359017533605,0.2244485961840373,0.9220359017533605,0.2244485961840369,0.0,-4.163336342344337e-16
PLIP,MHIST,0.01,0.707640014406627,0.1556617437792496,0.7036136622846509,0.14613791741905016,-0.004026352121976107,-0.009523826360199439
PLIP,MHIST,0.05,0.7659148208175761,0.15634727339320217,0.7565700222102167,0.14486031162331367,-0.009344798607359373,-0.011486961769888504
PLIP,MHIST,0.1,0.7783510414790804,0.1495158690669189,0.7793655081337416,0.13854353688691476,0.0010144666546612058,-0.010972332180004152
PLIP,MHIST,0.25,0.7888558737019028,0.12204874425153983,0.7939492166396542,0.12078206079623653,0.005093342937751433,-0.0012666834553032996
PLIP,MHIST,0.5,0.8092757668527523,0.10896117190376058,0.8063134041659165,0.10530495569582825,-0.0029623626868358066,-0.003656216207932328
PLIP,MHIST,1.0,0.8291644156311905,0.09103798199492463,0.8291644156311905,0.0910379819949248,0.0,1.6653345369377348e-16
PLIP,PCam,0.01,0.9415378588016644,0.07171186396995986,0.94226822444974,0.07233190461898316,0.0007303656480756038,0.0006200406490232957
PLIP,PCam,0.05,0.9501788897766382,0.0494320462328617,0.9504853582895643,0.049368579077297664,0.00030646851292603916,-6.346715556403842e-05
PLIP,PCam,0.1,0.9522429009026617,0.04480569966539394,0.9515059936436279,0.04535028726719387,-0.0007369072590338588,0.0005445876017999285
PLIP,PCam,0.25,0.9531458928093888,0.04516553139935426,0.9529608091777054,0.04553325780127867,-0.00018508363168334707,0.0003677264019244092
PLIP,PCam,0.5,0.9531587959755745,0.052286588500270466,0.9531051952472128,0.04959071975921973,-5.3600728361691274e-05,-0.0026958687410507387
PLIP,PCam,1.0,0.9523657175374036,0.05740209375710357,0.9523657175374036,0.057402093811539,0.0,5.44354283871229e-11
PLIP,SPIDER-Breast,0.01,0.9501584998540841,0.3152758933692587,0.9447151800217825,0.36417505306104153,-0.0054433198323016185,0.04889915969178282
PLIP,SPIDER-Breast,0.05,0.9659145676311174,0.2602694765170612,0.9650643579182338,0.25194737469343853,-0.0008502097128836317,-0.008322101823622696
PLIP,SPIDER-Breast,0.1,0.9709418163438958,0.20581973970881362,0.9712023738980614,0.2033907342033868,0.0002605575541656524,-0.0024290055054268234
PLIP,SPIDER-Breast,0.25,0.975797890805576,0.14081612074596564,0.9762605480013545,0.142213179860673,0.0004626571957785375,0.0013970591147073608
PLIP,SPIDER-Breast,0.5,0.9789582981649277,0.10370432338208196,0.9790636712426525,0.10342885144105186,0.00010537307772473525,-0.0002754719410301004
PLIP,SPIDER-Breast,1.0,0.9816583476452903,0.07508030787312074,0.9816586026879696,0.0750833869300872,2.550426793090921e-07,3.079056966462379e-06
UNI,BRACS,0.01,0.7708638826882966,0.08194942398982863,0.785739829982184,0.1096149848108783,0.014875947293887304,0.027665560821049665
UNI,BRACS,0.05,0.8570535583656872,0.1541340316153787,0.8540539113954025,0.13340322830771806,-0.002999646970284653,-0.02073080330766064
UNI,BRACS,0.1,0.8726564160457831,0.1246775871649697,0.8680369036781768,0.14159982698684817,-0.004619512367606382,0.016922239821878474
UNI,BRACS,0.25,0.8866510115344947,0.09330760161206007,0.8848528828121958,0.09705440081331436,-0.0017981287222988973,0.003746799201254286
UNI,BRACS,0.5,0.8942230449112124,0.06551213633743909,0.8951622446224418,0.0588221172895917,0.0009391997112293549,-0.006690019047847391
UNI,BRACS,1.0,0.9012589709524764,0.048881009112043794,0.9012589709524764,0.0488810091179866,0.0,5.942808745107442e-12
UNI,CRC,0.01,0.9994466260533779,0.2211096685059549,0.9994475841496796,0.22082170596207787,9.580963017397082e-07,-0.00028796254387702946
UNI,CRC,0.05,0.9995935730703748,0.07490353061613887,0.9996093015865503,0.0760195042183886,1.5728516175483875e-05,0.0011159736022497285
UNI,CRC,0.1,0.9996716650632994,0.0459119141030836,0.9996696736882832,0.04682495976217283,-1.9913750162192656e-06,0.0009130456590892289
UNI,CRC,0.25,0.9998259163439323,0.024976942637948866,0.9998108506837218,0.024990218252961067,-1.5065660210478171e-05,1.327561501220098e-05
UNI,CRC,0.5,0.9998940179481379,0.015657346996710068,0.999892127050979,0.0157965126812748,-1.8908971589626233e-06,0.0001391656845647314
UNI,CRC,1.0,0.9999219330690908,0.010392303586169034,0.9999219330690908,0.010392303586176,0.0,6.966649479522857e-15
UNI,LungHist700,0.01,0.6685084975911204,0.20482468877728763,0.6790216163079821,0.21274517788271943,0.010513118716861669,0.007920489105431805
UNI,LungHist700,0.05,0.78772859607962,0.13644199551901873,0.8110901529189513,0.1359147297604422,0.023361556839331277,-0.0005272657585765339
UNI,LungHist700,0.1,0.8581510866375268,0.1661342303785314,0.8682977164985147,0.17285965211949436,0.01014662986098791,0.006725421740962967
UNI,LungHist700,0.25,0.9288256994373776,0.260453709228555,0.9267321490192475,0.2841194528482966,-0.0020935504181300857,0.023665743619741608
UNI,LungHist700,0.5,0.9497914648280523,0.3098102819961058,0.9447378967050479,0.31080276880518426,-0.005053568123004393,0.0009924868090784855
UNI,LungHist700,1.0,0.9634073153799294,0.31258663441216056,0.9634073153799294,0.3125866344121607,0.0,1.6653345369377348e-16
UNI,MHIST,0.01,0.654718170358365,0.14695550269242588,0.6927846809532384,0.1206612445680933,0.038066510594873426,-0.026294258124332587
UNI,MHIST,0.05,0.7975178582147788,0.16521183645491147,0.7712137583288312,0.1383431980190726,-0.02630409988594762,-0.026868638435838865
UNI,MHIST,0.1,0.8139549192628609,0.15136021280919354,0.8196950597274747,0.1423951622387014,0.005740140464613797,-0.008965050570492128
UNI,MHIST,0.25,0.8354418032294856,0.10442383012541127,0.8383186265682214,0.10323965654986478,0.0028768233387358455,-0.001184173575546496
UNI,MHIST,0.5,0.8656026772315265,0.09613877938714926,0.869498469295876,0.10252159078371793,0.0038957920643495347,0.006382811396568669
UNI,MHIST,1.0,0.8856428957320367,0.08027461946125497,0.8856428957320367,0.0802746194612482,0.0,-6.772360450213455e-15
UNI,PCam,0.01,0.9814341754600702,0.07398773883059497,0.982210100175049,0.07260484277881597,0.0007759247149787818,-0.0013828960517789923
UNI,PCam,0.05,0.9833720482335626,0.041837333809429895,0.9835845400727384,0.040181715995286964,0.00021249183917582126,-0.0016556178141429317
UNI,PCam,0.1,0.9830476138840109,0.03715754042282783,0.9830771914526163,0.0385831228936963,2.957756860544336e-05,0.0014255824708684708
UNI,PCam,0.25,0.9818666991273622,0.039621341844756665,0.9820907294344621,0.039641468048341004,0.00022403030709983174,2.0126203584339142e-05
UNI,PCam,0.5,0.9810166932759855,0.04264232365498344,0.9824870085040608,0.03920598128492977,0.0014703152280752807,-0.00343634237005367
UNI,PCam,1.0,0.9786119794547073,0.04506726483948067,0.9786119794547076,0.0450672648394791,2.220446049250313e-16,-1.5681900222830336e-15
UNI,SPIDER-Breast,0.01,0.9864899812560264,0.42482798875640343,0.9867784615279301,0.4289639869935414,0.00028848027190375714,0.00413599823713795
UNI,SPIDER-Breast,0.05,0.9926582073621764,0.21418590536880655,0.9926173499492573,0.21917773724291958,-4.085741291903755e-05,0.004991831874113034
UNI,SPIDER-Breast,0.1,0.9936639660856663,0.14793331320197303,0.9936230965789775,0.1485079677536061,-4.086950668880096e-05,0.0005746545516330803
UNI,SPIDER-Breast,0.25,0.9945550329996866,0.08880489718883171,0.994536996374697,0.08618221568748786,-1.803662498967018e-05,-0.002622681501343843
UNI,SPIDER-Breast,0.5,0.9949535455422707,0.05576441453812847,0.9948033053450059,0.0539966466264819,-0.00015024019726472826,-0.0017677679116465672
UNI,SPIDER-Breast,1.0,0.9951334781789676,0.03140687202988413,0.9951334781789676,0.031406871739885,0.0,-2.89999128877394e-10
VIRCHOW2,BRACS,0.01,0.7880786948466696,0.08747432878230073,0.7918278214942965,0.15832702192545733,0.0037491266476269436,0.0708526931431566
VIRCHOW2,BRACS,0.05,0.8648676494145043,0.12263328730394966,0.8729085564857993,0.15830029320157027,0.008040907071295011,0.035667005897620604
VIRCHOW2,BRACS,0.1,0.8792046792506363,0.10041713136113696,0.8826118790969696,0.12690269304802484,0.0034071998463333086,0.026485561686887885
VIRCHOW2,BRACS,0.25,0.8945103873584569,0.08198612366189827,0.8932662910834965,0.07604898115439947,-0.0012440962749603601,-0.005937142507498799
VIRCHOW2,BRACS,0.5,0.8991048082940085,0.0491211936435961,0.9001027106397955,0.04532046433539357,0.000997902345787005,-0.0038007293082025287
VIRCHOW2,BRACS,1.0,0.9038447387617934,0.04485903519819593,0.9038447387617934,0.0448590319687917,0.0,-3.2294042301428405e-09
VIRCHOW2,CRC,0.01,0.9990356855437414,0.1842766302265313,0.9990507617922502,0.18247342272963396,1.5076248508716361e-05,-0.00180320749689733
VIRCHOW2,CRC,0.05,0.9994449366537085,0.06263603869052424,0.9995024114081432,0.06344162556336953,5.7474754434738706e-05,0.0008055868728452931
VIRCHOW2,CRC,0.1,0.9996000854607819,0.0392324713272758,0.9996185274641306,0.0399920143967678,1.8442003348662084e-05,0.0007595430694919969
VIRCHOW2,CRC,0.25,0.9997701630703157,0.0213181250803761,0.9997751624125596,0.0210484444829938,4.9993422438499024e-06,-0.0002696805973822977
VIRCHOW2,CRC,0.5,0.9998584262919299,0.014117606641916067,0.9998589945151765,0.0141294186673838,5.682232465664683e-07,1.1812025467733758e-05
VIRCHOW2,CRC,1.0,0.9999149146886968,0.0093129870864674,0.9999149146886968,0.0093129870864725,0.0,5.100087019371813e-15
VIRCHOW2,LungHist700,0.01,0.7678461608001763,0.29374643299791703,0.8104034732786647,0.2941264391703594,0.042557312478488374,0.000380006172442382
VIRCHOW2,LungHist700,0.05,0.8440935597884747,0.1986831343543343,0.8721417177017393,0.17147490151813083,0.02804815791326465,-0.027208232836203466
VIRCHOW2,LungHist700,0.1,0.9130666040086095,0.15857045517936366,0.913326549787318,0.2545975834594156,0.00025994577870847024,0.09602712828005192
VIRCHOW2,LungHist700,0.25,0.9528766003707355,0.28087869083759465,0.9489986311417135,0.3390742818087145,-0.00387796922902206,0.05819559097111987
VIRCHOW2,LungHist700,0.5,0.9632327351474492,0.292334979131758,0.9607062562999505,0.30980757875551973,-0.002526478847498681,0.017472599623761742
VIRCHOW2,LungHist700,1.0,0.9724456901692357,0.2636798581562782,0.9724456901692357,0.2636798581562782,0.0,0.0
VIRCHOW2,MHIST,0.01,0.6758148748424274,0.15029211831009354,0.6291268983732516,0.13875142447440048,-0.046687976469175774,-0.011540693835693061
VIRCHOW2,MHIST,0.05,0.8444894651539708,0.1843239660982288,0.8212137583288314,0.16680228705929231,-0.023275706825139464,-0.017521679038936477
VIRCHOW2,MHIST,0.1,0.8648658382856115,0.18292618282753473,0.8628774236148629,0.18021652824577283,-0.0019884146707486172,-0.0027096545817618944
VIRCHOW2,MHIST,0.25,0.8808331832643016,0.14799777529263217,0.8912809892550574,0.15708631982721902,0.010447805990755787,0.009088544534586851
VIRCHOW2,MHIST,0.5,0.9056320907617503,0.14060068059384587,0.9059787502251035,0.13686617597596382,0.00034665946335321607,-0.0037345046178820507
VIRCHOW2,MHIST,1.0,0.9157977669728076,0.11313817830099086,0.9157977669728076,0.1131381783010071,0.0,1.6237011735142914e-14
VIRCHOW2,PCam,0.01,0.9792139753009558,0.06290526554242357,0.9791960467172401,0.061813416681872235,-1.7928583715631774e-05,-0.001091848860551331
VIRCHOW2,PCam,0.05,0.9829706096359586,0.03917474478158193,0.9829264835643184,0.03849309896871637,-4.412607164017146e-05,-0.0006816458128655611
VIRCHOW2,PCam,0.1,0.9842269578096307,0.0333427552165147,0.9839780872622863,0.0345375386503102,-0.00024887054734434866,0.0011947834337955043
VIRCHOW2,PCam,0.25,0.985616973148901,0.029806774885487764,0.9857030584145954,0.031003751316670033,8.608526569442443e-05,0.0011969764311822693
VIRCHOW2,PCam,0.5,0.9861077454659325,0.031661813700685194,0.9861847770327854,0.030260335264923038,7.703156685290313e-05,-0.0014014784357621567
VIRCHOW2,PCam,1.0,0.9857326123896911,0.0339637875564121,0.9857326123896911,0.0339637875563802,0.0,-3.189809527626153e-14
VIRCHOW2,SPIDER-Breast,0.01,0.9876124408874899,0.3563001785743689,0.9876331452115051,0.3782083387021575,2.0704324015241582e-05,0.021908160127788567
VIRCHOW2,SPIDER-Breast,0.05,0.9930912719495307,0.17378718248252675,0.9930761919979978,0.17808759786762499,-1.5079951532936953e-05,0.004300415385098233
VIRCHOW2,SPIDER-Breast,0.1,0.9940138607931731,0.11938632600300148,0.9940343880029868,0.12220232729975293,2.0527209813714364e-05,0.0028160012967514553
VIRCHOW2,SPIDER-Breast,0.25,0.9948949419670582,0.07163987125417114,0.994811144100434,0.07112036781795263,-8.379786662415789e-05,-0.0005195034362185103
VIRCHOW2,SPIDER-Breast,0.5,0.995248900925946,0.046302256145367066,0.9951943760855874,0.045694570718624504,-5.452484035861627e-05,-0.0006076854267425616
VIRCHOW2,SPIDER-Breast,1.0,0.9954294040691621,0.026680095055465067,0.9954294040691621,0.026680094739894095,0.0,-3.1557097213141816e-10
