probe,model,dataset,fraction,auroc,f1_macro,ece_fixed,ece_scaled_fixed,temperature,degeneracy_share
linear,H-Optimus-0,lunghist700,0.01,0.6467112790994168,0.2773874246728245,0.1658640851986705,0.1300491005065197,0.3189277100900481,0.3428571428571428
linear,H-Optimus-0,lunghist700,0.01,0.6093547785904437,0.242345870828843,0.0893999097000567,0.0628859042897247,0.2133523781626934,0.3809523809523809
linear,H-Optimus-0,lunghist700,0.01,0.6660736161492894,0.3876750427273075,0.2268244160259396,0.1171510532194391,0.2531277224949722,0.3047619047619048
linear,H-Optimus-0,lunghist700,0.05,0.7020699743604201,0.1165649165649165,0.0879698381815002,0.1522690282313213,0.5037391785436416,0.923809523809524
linear,H-Optimus-0,lunghist700,0.05,0.7304540590363752,0.2269769446240034,0.0907696567932318,0.1351444455021314,0.5732779791358052,0.8
linear,H-Optimus-0,lunghist700,0.05,0.8294191592548901,0.1960952012078001,0.0899634052607335,0.147516133655478,0.3819732364233297,0.819047619047619
linear,H-Optimus-0,lunghist700,0.1,0.8139044664007928,0.3432481862872312,0.1588212436925865,0.1388164685180771,0.3615966095532535,0.5904761904761905
linear,H-Optimus-0,lunghist700,0.1,0.8192100027507571,0.267552599970953,0.1104088310103704,0.1129350872999406,0.4725988407971369,0.6095238095238096
linear,H-Optimus-0,lunghist700,0.1,0.8410790747666239,0.3449598021026592,0.1887938943548299,0.1238767957395784,0.3500364239741476,0.4380952380952381
linear,H-Optimus-0,lunghist700,0.25,0.904350437417877,0.461225629439267,0.2379924468300099,0.1415547962013269,0.3039271916327439,0.3619047619047619
linear,H-Optimus-0,lunghist700,0.25,0.928533695479354,0.4856742409942483,0.2645364230813861,0.1695252712378191,0.3033972795466447,0.4095238095238095
linear,H-Optimus-0,lunghist700,0.25,0.9291266794040922,0.5448237714971623,0.2974462541931463,0.1369908340969798,0.281322248445176,0.3333333333333333
linear,H-Optimus-0,lunghist700,0.5,0.93475423073371,0.5998708010335917,0.3055823774542637,0.1371876708827843,0.3239161632454667,0.2857142857142857
linear,H-Optimus-0,lunghist700,0.5,0.9460640089722686,0.6673525826763196,0.3443177856456296,0.1748352758890214,0.3010557557463558,0.3142857142857143
linear,H-Optimus-0,lunghist700,0.5,0.9420099965546116,0.628426182346698,0.3171598287611623,0.1159544251801266,0.3339106643303062,0.2761904761904762
linear,H-Optimus-0,lunghist700,1.0,0.9637720379268856,0.7366257873884082,0.3144088020647313,0.0877905262151153,0.3724476592753282,0.2666666666666666
linear,H-Optimus-0,lunghist700,1.0,0.9637720379268856,0.7366257873884082,0.3144088020647313,0.0877905262151153,0.3724476592753282,0.2666666666666666
linear,H-Optimus-0,lunghist700,1.0,0.9637720379268856,0.7366257873884082,0.3144088020647313,0.0877905262151153,0.3724476592753282,0.2666666666666666
linear,H-Optimus-0,mhist,0.01,0.7473842967765171,0.3870765370138017,0.1508161805430574,0.10424731107082,2.200182693901568,1.0
linear,H-Optimus-0,mhist,0.01,0.64039258058707,0.3870765370138017,0.1021182319210263,0.0993389957336024,2.241294102567968,1.0
linear,H-Optimus-0,mhist,0.01,0.7159013146047181,0.3870765370138017,0.1430113597560148,0.1342378656091374,2.1705576093746823,1.0
linear,H-Optimus-0,mhist,0.05,0.8292499549792905,0.3870765370138017,0.1833946857069833,0.1510278429318257,1.6742921035999483,1.0
linear,H-Optimus-0,mhist,0.05,0.7338825859895554,0.4180193596425912,0.1117539448346853,0.1225082559814015,1.7242053591066755,0.985670419651996
linear,H-Optimus-0,mhist,0.05,0.7407482441923284,0.3870765370138017,0.1220748963647786,0.1222054303638701,1.8327710160762007,1.0
linear,H-Optimus-0,mhist,0.1,0.8293309922564379,0.4757713190673906,0.1304333786633388,0.1207150178424146,1.535390888285214,0.95496417604913
linear,H-Optimus-0,mhist,0.1,0.7861201152530164,0.436046974522293,0.1191756612230556,0.1233307234502878,1.5743045823873296,0.9754350051177072
linear,H-Optimus-0,mhist,0.1,0.8202818296416353,0.4307536415452818,0.1290520657199918,0.1367589586269519,1.5295856919261974,0.984646878198567
linear,H-Optimus-0,mhist,0.25,0.8588870880605078,0.6815681059657905,0.1219278045136538,0.1018814035203777,1.3700973199055992,0.8116683725690891
linear,H-Optimus-0,mhist,0.25,0.8376283090221501,0.6471220846471951,0.0978740727108217,0.0931114999051475,1.380245888323986,0.8433981576253838
linear,H-Optimus-0,mhist,0.25,0.8381730596074195,0.6497637282059638,0.1024121612649633,0.0979725951473272,1.337016950007934,0.8464687819856704
linear,H-Optimus-0,mhist,0.5,0.8658652980370971,0.7397148289667204,0.101847687258982,0.0724533309602367,1.3747853903402638,0.7410440122824974
linear,H-Optimus-0,mhist,0.5,0.8663830361966504,0.7401737736570794,0.08930859239786,0.0649219144240529,1.3459561686619637,0.7389969293756398
linear,H-Optimus-0,mhist,0.5,0.8695344858634971,0.736351257674787,0.1006824860694697,0.0794077820396495,1.320619757994506,0.7604912998976459
linear,H-Optimus-0,mhist,1.0,0.8848370250315145,0.7730169266511782,0.0842599051562464,0.0571224700794059,1.3543623242927207,0.7093142272262026
linear,H-Optimus-0,mhist,1.0,0.8848370250315145,0.7730169266511782,0.0842599051562464,0.0571224700794059,1.3543623242927207,0.7093142272262026
linear,H-Optimus-0,mhist,1.0,0.8848370250315145,0.7730169266511782,0.0842599051562464,0.0571224700794059,1.3543623242927207,0.7093142272262026
linear,UNI,lunghist700,0.01,0.6680259617412434,0.3199271627843056,0.2129036097808011,0.1068054490487016,0.1454175282268426,0.2761904761904762
linear,UNI,lunghist700,0.01,0.7002336335149476,0.3106250558134538,0.181161012771721,0.0727815191932618,0.1000052749944835,0.219047619047619
linear,UNI,lunghist700,0.01,0.6688052536677555,0.3915721025228665,0.2441709110956362,0.06943052126486,0.1220117609023115,0.2666666666666666
linear,UNI,lunghist700,0.05,0.7631658263843945,0.1631551405987496,0.0779557425065535,0.1896875637927834,0.4456613252726919,0.8952380952380953
linear,UNI,lunghist700,0.05,0.8101947013240147,0.204836022866536,0.1638484801367132,0.2020385336991557,0.4106827764872916,0.7904761904761904
linear,UNI,lunghist700,0.05,0.8599099310484446,0.1275856054181177,0.1659399666380599,0.2471593223706933,0.2983754784131722,0.923809523809524
linear,UNI,lunghist700,0.1,0.8497558516949673,0.3221169634962738,0.1431486705630349,0.1839991069989001,0.3517825032826697,0.638095238095238
linear,UNI,lunghist700,0.1,0.8670866520038755,0.3502531024710983,0.1727495855297332,0.1157233565673707,0.3467389390596626,0.5619047619047619
linear,UNI,lunghist700,0.1,0.8880506457967015,0.3713026923783974,0.202680700265715,0.1676617564950899,0.2541364437269534,0.4761904761904761
linear,UNI,lunghist700,0.25,0.9100480885634414,0.5286520403774869,0.2778714368224667,0.1304597740993271,0.3287310510767761,0.4
linear,UNI,lunghist700,0.25,0.9288750309438883,0.5458589969563142,0.2855380797193932,0.1524476676531338,0.3082720791988156,0.3619047619047619
linear,UNI,lunghist700,0.25,0.9412733275504128,0.534679398946845,0.2889488420030299,0.1448729312336332,0.2599644346045033,0.2952380952380952
linear,UNI,lunghist700,0.5,0.9381056738060222,0.5760470118750823,0.2532683633332348,0.0938194529722564,0.3778239451951858,0.2952380952380952
linear,UNI,lunghist700,0.5,0.943984578124112,0.6851102033830445,0.3460075374219498,0.1374576030904606,0.3375840742242803,0.2952380952380952
linear,UNI,lunghist700,0.5,0.9521234381850098,0.6704481733604261,0.3331324056603683,0.0797394599933612,0.3528713674649517,0.2666666666666666
linear,UNI,lunghist700,1.0,0.9634073153799294,0.7534841628959276,0.3125866344121607,0.1217773263766061,0.422474222773102,0.238095238095238
linear,UNI,lunghist700,1.0,0.9634073153799294,0.7534841628959276,0.3125866344121607,0.1217773263766061,0.422474222773102,0.238095238095238
linear,UNI,lunghist700,1.0,0.9634073153799294,0.7534841628959276,0.3125866344121607,0.1217773263766061,0.422474222773102,0.238095238095238
linear,UNI,mhist,0.01,0.7426706284891049,0.3870765370138017,0.1336142312789968,0.1081071894164105,2.0864933110037587,1.0
linear,UNI,mhist,0.01,0.6134206735098146,0.3870765370138017,0.0897128999181361,0.0743304076741247,2.34346070691579,1.0
linear,UNI,mhist,0.01,0.722262740860796,0.3870765370138017,0.138656602507147,0.1075857261231694,2.262456740401722,1.0
linear,UNI,mhist,0.05,0.8069286871961102,0.3870765370138017,0.1655875441092864,0.1737803579994385,1.7338365923282095,1.0
linear,UNI,mhist,0.05,0.7631010264721771,0.3870765370138017,0.1350698346757744,0.1339284610005451,1.737931678180565,1.0
linear,UNI,mhist,0.05,0.7436115613182064,0.3870765370138017,0.114372215272157,0.1087234853991429,1.9110545463198847,1.0
linear,UNI,mhist,0.1,0.8117639113992436,0.5224156848501358,0.1462236425002273,0.1409546398981298,1.5907360609625212,0.9232343909928352
linear,UNI,mhist,0.1,0.8194084278768233,0.395663141889557,0.143925050317492,0.147455692277557,1.5309006558119838,0.9959058341862844
linear,UNI,mhist,0.1,0.8279128399063569,0.4136646918519658,0.1370367938983849,0.1404070904067469,1.5614999793253683,0.9907881269191402
linear,UNI,mhist,0.25,0.8464208535926527,0.6487686134049679,0.108525330153234,0.0994403933433831,1.461196553241426,0.827021494370522
linear,UNI,mhist,0.25,0.8456915180983253,0.6660138859444562,0.1121703814218891,0.103618624622735,1.449681989451734,0.8259979529170931
linear,UNI,mhist,0.25,0.8228435080136863,0.6620282691885766,0.0890232580744712,0.0983687580633727,1.4118546241935122,0.8393039918116684
linear,UNI,mhist,0.5,0.8728209976589231,0.7227846799484061,0.1129548178192133,0.0854914239392212,1.409568330990958,0.7615148413510747
linear,UNI,mhist,0.5,0.8695930127858814,0.7378370265087699,0.096197017738281,0.0787934395918786,1.388340838737629,0.7492323439099283
linear,UNI,mhist,0.5,0.8660813974428239,0.716454007596664,0.0984129367936595,0.097022236207362,1.39266008547626,0.789150460593654
linear,UNI,mhist,1.0,0.8856428957320367,0.7731453110936632,0.0802746194612482,0.0613432249894991,1.3695925677556275,0.721596724667349
linear,UNI,mhist,1.0,0.8856428957320367,0.7731453110936632,0.0802746194612482,0.0613432249894991,1.3695925677556275,0.721596724667349
linear,UNI,mhist,1.0,0.8856428957320367,0.7731453110936632,0.0802746194612482,0.0613432249894991,1.3695925677556275,0.721596724667349
lora,H-Optimus-0,lunghist700,0.01,0.6026836611357217,0.197407032988634,0.0337051196167102,0.0316722287008395,1.2792062924901848,0.3269230769230769
lora,H-Optimus-0,lunghist700,0.01,0.4819105411208809,0.0810616929698708,0.1373113233309525,0.0646095753002625,2.713101079911984,0.2980769230769231
lora,H-Optimus-0,lunghist700,0.01,0.538458879573087,0.1098794063079777,0.1534516003269415,0.0019800605682226,9.999994569887027,0.4903846153846153
lora,H-Optimus-0,lunghist700,0.1,0.6598360464264277,0.2367137624280481,0.0574819017201662,0.0556517433948241,0.7066612871443082,0.5288461538461539
lora,H-Optimus-0,lunghist700,0.1,0.5772737481706303,0.1562757505454359,0.0526305144796004,0.0865573129401757,0.7880214760948835,0.375
lora,H-Optimus-0,lunghist700,0.1,0.6131057332419564,0.1421790974529964,0.0616157170958243,0.081092628578727,1.7170898294668102,0.25
lora,H-Optimus-0,lunghist700,1.0,0.9559067390739544,0.6656129843241645,0.1638140893326355,0.0568764364490142,0.5573516799478809,0.2403846153846154
lora,H-Optimus-0,lunghist700,1.0,0.9591206292129444,0.7410529635899094,0.1883051641858541,0.0766934847029355,0.5225958165062526,0.2403846153846154
lora,H-Optimus-0,lunghist700,1.0,0.9634992538549476,0.7410340841191906,0.2424201433761761,0.1002310990140988,0.540895111659178,0.2307692307692307
lora,H-Optimus-0,mhist,0.01,0.5105438501710786,0.3874303343949045,0.1201030542442962,0.1039972754239181,1.1180937035042493,0.9754350051177072
lora,H-Optimus-0,mhist,0.01,0.5297564379614622,0.4027802136242046,0.0725195876636305,0.0549559442206317,1.1691741172803003,0.9887410440122824
lora,H-Optimus-0,mhist,0.01,0.5391455069331892,0.386691776522285,0.1157387216235134,0.0410754570514421,1.461860247244985,0.9989764585465712
lora,H-Optimus-0,mhist,0.1,0.7742053844768594,0.5142766942095115,0.0932043335813277,0.0952534162293559,1.0849958006137044,0.9068577277379734
lora,H-Optimus-0,mhist,0.1,0.7672947055645597,0.6016087899984922,0.0748237432223747,0.0646127079715504,0.8334822033793653,0.8167860798362334
lora,H-Optimus-0,mhist,0.1,0.7455767152890329,0.5108279392859559,0.0915943808899382,0.096289399302085,0.947231605234065,0.9191402251791198
lora,H-Optimus-0,mhist,1.0,0.93087070052224,0.8448621285748876,0.032134171340809,0.0340484334966177,1.0186355332554344,0.6325486182190379
lora,H-Optimus-0,mhist,1.0,0.9314582207815596,0.8443743571539098,0.02572053207605,0.0260265636407487,0.9762530541535782,0.6499488229273286
lora,H-Optimus-0,mhist,1.0,0.927876823338736,0.8418354498686909,0.0280695598088242,0.0271182907640384,0.9931085035482388,0.6294779938587513
lora,UNI,lunghist700,0.01,0.509473376262666,0.1504776293596169,0.1002692871082287,0.0092784120486332,5.379368572665874,0.2211538461538461
lora,UNI,lunghist700,0.01,0.5320572322541536,0.1874055177626606,0.1266425955467499,0.0171077950642659,9.99999418665906,0.375
lora,UNI,lunghist700,0.01,0.5767758180769925,0.158460611458961,0.1089391646763453,0.0573344606046493,1.7675921586924193,0.2692307692307692
lora,UNI,lunghist700,0.1,0.6031544692692182,0.2134982664394429,0.0541201748240452,0.0493104867637157,1.2977816037903416,0.3557692307692308
lora,UNI,lunghist700,0.1,0.585996551258753,0.2692394062708905,0.0643275405925053,0.0857527846327194,4.049142767543553,0.2884615384615384
lora,UNI,lunghist700,0.1,0.6352108516443683,0.2089400555267022,0.0576839544452153,0.0582595120828885,0.9941797926775984,0.2692307692307692
lora,UNI,lunghist700,1.0,0.9602412781721756,0.7319438011164042,0.1957489097347626,0.0880645499206506,0.6254443462451894,0.2307692307692307
lora,UNI,lunghist700,1.0,0.9674840854979984,0.7397428528483972,0.1856372557007349,0.1151715216155235,0.5450695345128588,0.2307692307692307
lora,UNI,lunghist700,1.0,0.9558614813916888,0.7277658304033946,0.2024147385874619,0.0621611298276827,0.5753649020492455,0.2307692307692307
lora,UNI,mhist,0.01,0.7235503331532505,0.5935844785213219,0.0555536859156897,0.0681292087281982,0.7071889789941841,0.7574206755373593
lora,UNI,mhist,0.01,0.4444511975508735,0.3973765009046549,0.1406819959806932,0.0867547912936859,2.082269907758982,0.9918116683725692
lora,UNI,mhist,0.01,0.5601949396722492,0.3922869583246942,0.151067518086736,0.0490053071580377,1.926673079826856,0.9959058341862844
lora,UNI,mhist,0.1,0.7895146767513057,0.5601167515627801,0.1092391844072446,0.1053695529584936,1.1912929306374462,0.8761514841351075
lora,UNI,mhist,0.1,0.6770934629929769,0.4184849240223634,0.1321640298334822,0.0821381852320541,1.3411201228238152,0.9866939611054248
lora,UNI,mhist,0.1,0.6969588510714928,0.4011476076912378,0.1753015668725284,0.0854196463432258,1.7676160046402565,0.992835209825998
lora,UNI,mhist,1.0,0.8957275346659463,0.7430570166210815,0.1007518985708117,0.088159567250383,1.244447515085525,0.7727737973387923
lora,UNI,mhist,1.0,0.884537637313164,0.7102428821178821,0.1382026744257189,0.1171883231900182,1.3483665760489862,0.8096212896622313
lora,UNI,mhist,1.0,0.8903633171258779,0.7362071370348048,0.1296857814290231,0.111358614007398,1.339570604124684,0.7942681678607983
