probe,model,dataset,fraction,seed,n_train,n_classes,trainable_params,trainable_pct,epochs,lr,lora_r,train_seconds,auroc,f1_macro,brier,ece_fixed,ece_adaptive,temperature,ece_scaled_fixed,ece_scaled_adaptive,degeneracy_share,degenerate
lora,H-Optimus-0,lunghist700,0.01,42,7,7,2976871,0.262,10,0.0001,8,7.1,0.6026836611357217,0.197407032988634,,0.0337051196167102,0.187333800471746,1.2792062924901848,0.0316722287008395,0.1642525551410821,0.3269230769230769,False
lora,H-Optimus-0,lunghist700,0.01,123,7,7,2976871,0.262,10,0.0001,8,7.1,0.4819105411208809,0.0810616929698708,,0.1373113233309525,0.160546380166824,2.713101079911984,0.0646095753002625,0.1271247829382236,0.2980769230769231,False
lora,H-Optimus-0,lunghist700,0.01,456,7,7,2976871,0.262,10,0.0001,8,7.0,0.538458879573087,0.1098794063079777,,0.1534516003269415,0.1980926129393852,9.999994569887027,0.0019800605682226,0.1124762842574944,0.4903846153846153,False
lora,H-Optimus-0,lunghist700,0.1,42,45,7,2976871,0.262,10,0.0001,8,21.0,0.6598360464264277,0.2367137624280481,,0.0574819017201662,0.1264518965035677,0.7066612871443082,0.0556517433948241,0.1220834362678802,0.5288461538461539,False
lora,H-Optimus-0,lunghist700,0.1,123,45,7,2976871,0.262,10,0.0001,8,20.8,0.5772737481706303,0.1562757505454359,,0.0526305144796004,0.1230261559383227,0.7880214760948835,0.0865573129401757,0.1197576249161591,0.375,False
lora,H-Optimus-0,lunghist700,0.1,456,45,7,2976871,0.262,10,0.0001,8,20.8,0.6131057332419564,0.1421790974529964,,0.0616157170958243,0.1524016587780072,1.7170898294668102,0.081092628578727,0.1362839236568946,0.25,False
lora,H-Optimus-0,lunghist700,1.0,42,483,7,2976871,0.262,10,0.0001,8,111.9,0.9559067390739544,0.6656129843241645,,0.1638140893326355,0.1665814005984709,0.5573516799478809,0.0568764364490142,0.0760714715489974,0.2403846153846154,False
lora,H-Optimus-0,lunghist700,1.0,123,483,7,2976871,0.262,10,0.0001,8,112.3,0.9591206292129444,0.7410529635899094,,0.1883051641858541,0.1929577213640396,0.5225958165062526,0.0766934847029355,0.0784214053016442,0.2403846153846154,False
lora,H-Optimus-0,lunghist700,1.0,456,483,7,2976871,0.262,10,0.0001,8,112.4,0.9634992538549476,0.7410340841191906,,0.2424201433761761,0.233270979558046,0.540895111659178,0.1002310990140988,0.1346308445701232,0.2307692307692307,False
lora,H-Optimus-0,mhist,0.01,42,18,2,2969186,0.261,10,0.0001,8,5.7,0.5105438501710786,0.3874303343949045,0.2401525793280965,0.1201030542442962,0.134535930478829,1.1180937035042493,0.1039972754239181,0.1244744434418917,0.9754350051177072,False
lora,H-Optimus-0,mhist,0.01,123,18,2,2969186,0.261,10,0.0001,8,5.8,0.5297564379614622,0.4027802136242046,0.2364404192783024,0.0725195876636305,0.0792733204980955,1.1691741172803003,0.0549559442206317,0.0657584157485434,0.9887410440122824,False
lora,H-Optimus-0,mhist,0.01,456,18,2,2969186,0.261,10,0.0001,8,5.8,0.5391455069331892,0.386691776522285,0.2436719715804498,0.1157387216235134,0.1017546249570719,1.461860247244985,0.0410754570514421,0.0600639098498325,0.9989764585465712,True
lora,H-Optimus-0,mhist,0.1,42,184,2,2969186,0.261,10,0.0001,8,26.5,0.7742053844768594,0.5142766942095115,0.1934985294592849,0.0932043335813277,0.0975111173341925,1.0849958006137044,0.0952534162293559,0.0975888940365556,0.9068577277379734,False
lora,H-Optimus-0,mhist,0.1,123,184,2,2969186,0.261,10,0.0001,8,26.2,0.7672947055645597,0.6016087899984922,0.1891235253364746,0.0748237432223747,0.0732423214121753,0.8334822033793653,0.0646127079715504,0.0715703849881856,0.8167860798362334,False
lora,H-Optimus-0,mhist,0.1,456,184,2,2969186,0.261,10,0.0001,8,26.4,0.7455767152890329,0.5108279392859559,0.1996927271992993,0.0915943808899382,0.0960364906592037,0.947231605234065,0.096289399302085,0.0975244148360792,0.9191402251791198,False
lora,H-Optimus-0,mhist,1.0,42,1849,2,2969186,0.261,10,0.0001,8,222.8,0.93087070052224,0.8448621285748876,0.101655277771987,0.032134171340809,0.0259888680872698,1.0186355332554344,0.0340484334966177,0.0264451902125225,0.6325486182190379,False
lora,H-Optimus-0,mhist,1.0,123,1849,2,2969186,0.261,10,0.0001,8,223.4,0.9314582207815596,0.8443743571539098,0.1014903789923669,0.02572053207605,0.0240006510757182,0.9762530541535782,0.0260265636407487,0.0225145727316891,0.6499488229273286,False
lora,H-Optimus-0,mhist,1.0,456,1849,2,2969186,0.261,10,0.0001,8,222.9,0.927876823338736,0.8418354498686909,0.1044428994882024,0.0280695598088242,0.0220449935700153,0.9931085035482388,0.0271182907640384,0.0219834166883511,0.6294779938587513,False
lora,UNI,lunghist700,0.01,42,7,7,1201159,0.394,10,0.0001,8,17.4,0.509473376262666,0.1504776293596169,,0.1002692871082287,0.1121745934853186,5.379368572665874,0.0092784120486332,0.0927836522459983,0.2211538461538461,False
lora,UNI,lunghist700,0.01,123,7,7,1201159,0.394,10,0.0001,8,12.0,0.5320572322541536,0.1874055177626606,,0.1266425955467499,0.1488998542324854,9.99999418665906,0.0171077950642659,0.0921501220705417,0.375,False
lora,UNI,lunghist700,0.01,456,7,7,1201159,0.394,10,0.0001,8,10.5,0.5767758180769925,0.158460611458961,,0.1089391646763453,0.160772550277985,1.7675921586924193,0.0573344606046493,0.1418732105252834,0.2692307692307692,False
lora,UNI,lunghist700,0.1,42,45,7,1201159,0.394,10,0.0001,8,39.1,0.6031544692692182,0.2134982664394429,,0.0541201748240452,0.1221575934726458,1.2977816037903416,0.0493104867637157,0.1330180939000386,0.3557692307692308,False
lora,UNI,lunghist700,0.1,123,45,7,1201159,0.394,10,0.0001,8,40.4,0.585996551258753,0.2692394062708905,,0.0643275405925053,0.1163596189939058,4.049142767543553,0.0857527846327194,0.1157139968127012,0.2884615384615384,False
lora,UNI,lunghist700,0.1,456,45,7,1201159,0.394,10,0.0001,8,31.0,0.6352108516443683,0.2089400555267022,,0.0576839544452153,0.1437178504868195,0.9941797926775984,0.0582595120828885,0.1306859608739614,0.2692307692307692,False
lora,UNI,lunghist700,1.0,42,483,7,1201159,0.394,10,0.0001,8,278.6,0.9602412781721756,0.7319438011164042,,0.1957489097347626,0.2145782706256096,0.6254443462451894,0.0880645499206506,0.0942800288590101,0.2307692307692307,False
lora,UNI,lunghist700,1.0,123,483,7,1201159,0.394,10,0.0001,8,98.3,0.9674840854979984,0.7397428528483972,,0.1856372557007349,0.201204645805634,0.5450695345128588,0.1151715216155235,0.0895951358744731,0.2307692307692307,False
lora,UNI,lunghist700,1.0,456,483,7,1201159,0.394,10,0.0001,8,98.3,0.9558614813916888,0.7277658304033946,,0.2024147385874619,0.2231203033947027,0.5753649020492455,0.0621611298276827,0.0904494011058257,0.2307692307692307,False
lora,UNI,mhist,0.01,42,18,2,1196034,0.393,10,0.0001,8,21.7,0.7235503331532505,0.5935844785213219,0.2031151980751355,0.0555536859156897,0.0646299316701283,0.7071889789941841,0.0681292087281982,0.0750093317400957,0.7574206755373593,False
lora,UNI,mhist,0.01,123,18,2,1196034,0.393,10,0.0001,8,18.8,0.4444511975508735,0.3973765009046549,0.2639577629720289,0.1406819959806932,0.1485008178250206,2.082269907758982,0.0867547912936859,0.0937636618787459,0.9918116683725692,True
lora,UNI,mhist,0.01,456,18,2,1196034,0.393,10,0.0001,8,18.4,0.5601949396722492,0.3922869583246942,0.2547372653136764,0.151067518086736,0.1492429018600204,1.926673079826856,0.0490053071580377,0.0509490142276123,0.9959058341862844,True
lora,UNI,mhist,0.1,42,184,2,1196034,0.393,10,0.0001,8,81.6,0.7895146767513057,0.5601167515627801,0.1931767088825669,0.1092391844072446,0.1058451390292346,1.1912929306374462,0.1053695529584936,0.100688674249815,0.8761514841351075,False
lora,UNI,mhist,0.1,123,184,2,1196034,0.393,10,0.0001,8,74.9,0.6770934629929769,0.4184849240223634,0.2297044103004016,0.1321640298334822,0.136140324785436,1.3411201228238152,0.0821381852320541,0.0940215434638846,0.9866939611054248,False
lora,UNI,mhist,0.1,456,184,2,1196034,0.393,10,0.0001,8,70.8,0.6969588510714928,0.4011476076912378,0.2408885818871326,0.1753015668725284,0.1753015514451747,1.7676160046402565,0.0854196463432258,0.0966604669695622,0.992835209825998,True
lora,UNI,mhist,1.0,42,1849,2,1196034,0.393,10,0.0001,8,624.3,0.8957275346659463,0.7430570166210815,0.1418794101870388,0.1007518985708117,0.101925780185586,1.244447515085525,0.088159567250383,0.0925035502284025,0.7727737973387923,False
lora,UNI,mhist,1.0,123,1849,2,1196034,0.393,10,0.0001,8,84.8,0.884537637313164,0.7102428821178821,0.1612011590959527,0.1382026744257189,0.1393192069444847,1.3483665760489862,0.1171883231900182,0.1197548435854143,0.8096212896622313,False
lora,UNI,mhist,1.0,456,1849,2,1196034,0.393,10,0.0001,8,84.3,0.8903633171258779,0.7362071370348048,0.1546388332698594,0.1296857814290231,0.1305582653903883,1.339570604124684,0.111358614007398,0.1136245628406113,0.7942681678607983,False
