model,dataset,fraction,mean,std,min,max
CLIP,BRACS,0.01,0.692657496489153,0.03452590403308339,0.6584071093220386,0.7274524745501383
CLIP,BRACS,0.05,0.7451840996137197,0.0090004075172217,0.7351810671160953,0.7526273040315378
CLIP,BRACS,0.1,0.768069999723738,0.00907976936161353,0.7575907598496107,0.7735948571153378
CLIP,BRACS,0.25,0.7854897065307038,0.008380649066505038,0.7775493994197122,0.79425036329706
CLIP,BRACS,0.5,0.7984852795990708,0.004513570657012851,0.7941069656291848,0.8031229249261697
CLIP,BRACS,1.0,0.8137754803415936,0.0,0.8137754803415936,0.8137754803415936
CLIP,CRC,0.01,0.9778509391345048,0.0007875119552299989,0.9769671720070304,0.9784782730364106
CLIP,CRC,0.05,0.9892657163187518,0.00019500177871694071,0.9890491860665996,0.9894274761280212
CLIP,CRC,0.1,0.9924095809083866,0.000267108203598795,0.9921038229825332,0.9925975434930354
CLIP,CRC,0.25,0.9953330472645159,3.8195090331660943e-05,0.9953013493952731,0.9953754536602272
CLIP,CRC,0.5,0.9966694049915619,7.417965368938655e-05,0.9965986264178454,0.996746572456318
CLIP,CRC,1.0,0.9976336102290294,0.0,0.9976336102290294,0.9976336102290294
CLIP,LungHist700,0.01,0.5935957686867618,0.02683553851992011,0.5666983609416967,0.6203690070765261
CLIP,LungHist700,0.05,0.7167410363061612,0.05783984246642788,0.6780073336646844,0.7832271255908398
CLIP,LungHist700,0.1,0.7837765167093155,0.014732661717652881,0.7678545703413722,0.7969259423773182
CLIP,LungHist700,0.25,0.8175488703439499,0.020858975467266644,0.8013518522245652,0.841085621226281
CLIP,LungHist700,0.5,0.8238248850770452,0.013762978666695009,0.8080083166224175,0.8330735810022923
CLIP,LungHist700,1.0,0.8354478917641995,0.0,0.8354478917641995,0.8354478917641995
CLIP,MHIST,0.01,0.6378714208535926,0.047210285439729945,0.604367008824059,0.6918647577885827
CLIP,MHIST,0.05,0.7678402064949877,0.02614960793000149,0.7376598235188188,0.7837430217900234
CLIP,MHIST,0.1,0.794968185365268,0.008111118162596688,0.7895641995317847,0.8042949756888169
CLIP,MHIST,0.25,0.8244387418212379,0.006147578023203035,0.8181973707905638,0.8304880244912661
CLIP,MHIST,0.5,0.8366198451287591,0.006512442877668538,0.8294390419593012,0.8421438861876462
CLIP,MHIST,1.0,0.8535251215559155,0.0,0.8535251215559156,0.8535251215559156
CLIP,PCam,0.01,0.8808840606236917,0.0014775543658014294,0.8792610357842996,0.8821511053495265
CLIP,PCam,0.05,0.9001593407534351,0.0013839284170936025,0.8987788373237962,0.9015466689161464
CLIP,PCam,0.1,0.9026683006339274,0.0005558842080147052,0.9021394968212968,0.9032477932391384
CLIP,PCam,0.25,0.9117764508117466,0.0006973569754393171,0.9109995537958226,0.9123482842187058
CLIP,PCam,0.5,0.914129171988602,0.0009279908924836717,0.913174818253391,0.9150283367797304
CLIP,PCam,1.0,0.9165845808112788,0.0,0.9165845808112788,0.9165845808112788
CLIP,SPIDER-Breast,0.01,0.8895534250114521,0.005722193122370054,0.8841062255462238,0.8955157756791046
CLIP,SPIDER-Breast,0.05,0.9241040602027816,0.0014286146354837144,0.9228029607587688,0.925632843922257
CLIP,SPIDER-Breast,0.1,0.9361118800433226,0.0010278835348298495,0.9351641359217656,0.9372045253834328
CLIP,SPIDER-Breast,0.25,0.949079599973908,0.0005849250510229987,0.948570944084974,0.9497187515212164
CLIP,SPIDER-Breast,0.5,0.957221580126265,0.00047190562676036095,0.9567660875527312,0.9577083434147128
CLIP,SPIDER-Breast,1.0,0.964099551574733,0.0,0.964099551574733,0.964099551574733
CONCH,BRACS,0.01,0.8228733676688282,0.021109726941773706,0.8033214267138716,0.8452553595339873
CONCH,BRACS,0.05,0.8733554055338645,0.008155432780252667,0.8647321338652988,0.8809443074743407
CONCH,BRACS,0.1,0.8854227171060987,0.002659252232052059,0.8829577502710163,0.888240942088376
CONCH,BRACS,0.25,0.8955076003414884,0.0020891280240934464,0.8932405806816285,0.8973551986095051
CONCH,BRACS,0.5,0.9013650345497082,0.0008477906874701854,0.9003986012790619,0.9019833589190888
CONCH,BRACS,1.0,0.9046904324226631,0.0,0.9046904324226632,0.9046904324226632
CONCH,CRC,0.01,0.9981233307190734,8.121045537737176e-05,0.998046966323874,0.9982086456804576
CONCH,CRC,0.05,0.998732770776923,3.9851132903222493e-05,0.9986966820758444,0.998775539953741
CONCH,CRC,0.1,0.9989266883888851,5.236009282139936e-05,0.9988665513978846,0.998962163921958
CONCH,CRC,0.25,0.9991411443761807,1.0070677513682843e-05,0.9991334873189937,0.9991525521957708
CONCH,CRC,0.5,0.9993184120077365,1.4738260149443017e-05,0.9993023207617304,0.9993312555640146
CONCH,CRC,1.0,0.9994136787146107,0.0,0.9994136787146106,0.9994136787146106
CONCH,LungHist700,0.01,0.872882254934691,0.022011864416335857,0.8481885209837342,0.8904432184524934
CONCH,LungHist700,0.05,0.92141144144803,0.015897220678419425,0.903348499662326,0.9332747361053614
CONCH,LungHist700,0.1,0.9323496096378457,0.005562584344339365,0.9269447716052984,0.9380575467407954
CONCH,LungHist700,0.25,0.9494319415615903,0.003663499397272147,0.9469047056430768,0.9536334221440724
CONCH,LungHist700,0.5,0.9604421304314342,0.0026186034829794986,0.9583260318525092,0.9633706554102004
CONCH,LungHist700,1.0,0.971386775329594,0.0,0.971386775329594,0.971386775329594
CONCH,MHIST,0.01,0.638273605858695,0.04781742649861104,0.6089951377633711,0.6934539888348641
CONCH,MHIST,0.05,0.7378053904796206,0.03901455966575418,0.7020349360705924,0.7794075274626328
CONCH,MHIST,0.1,0.7870760549852932,0.020533301699832723,0.7694174320187286,0.8096074194129299
CONCH,MHIST,0.25,0.8184960081637552,0.005711735976076645,0.8144876643255897,0.825036016567621
CONCH,MHIST,0.5,0.8359370310342759,0.003287480934020136,0.8321808031694581,0.838290113452188
CONCH,MHIST,1.0,0.8509814514676751,0.0,0.8509814514676751,0.8509814514676751
CONCH,PCam,0.01,0.9551076869180176,0.0016089498212441898,0.9532504406171723,0.9560775006107892
CONCH,PCam,0.05,0.959213317687757,0.0013756188007849894,0.9576468092377992,0.9602243119887685
CONCH,PCam,0.1,0.9598661575470432,0.0010855630140290933,0.9591148160272316,0.9611107710541328
CONCH,PCam,0.25,0.963327850661171,0.0009080063022563221,0.962505613128748,0.9643023693964484
CONCH,PCam,0.5,0.9651546836864681,0.000450925087964136,0.964730420231039,0.9656282228074332
CONCH,PCam,1.0,0.9657203306268759,0.0,0.965720330626876,0.965720330626876
CONCH,SPIDER-Breast,0.01,0.9657586850230108,0.0008486628186955258,0.9649463453577088,0.9666395197700688
CONCH,SPIDER-Breast,0.05,0.9780313967967066,0.000458645478660504,0.9776986130858452,0.9785545756003776
CONCH,SPIDER-Breast,0.1,0.9817323644222663,0.00035806320097768793,0.981357490089557,0.9820708352997626
CONCH,SPIDER-Breast,0.25,0.984986710222968,7.256202538579527e-05,0.9849036526970696,0.985037795819693
CONCH,SPIDER-Breast,0.5,0.9869197083573639,0.00013440178260392055,0.986789791241404,0.9870581855959808
CONCH,SPIDER-Breast,1.0,0.9883801724238772,0.0,0.9883801724238772,0.9883801724238772
GigaPath,BRACS,0.01,0.7484708350915379,0.024157685762410834,0.7262489825257087,0.7741843547332466
GigaPath,BRACS,0.05,0.8369912232549149,0.010917515810838632,0.8286769244165944,0.8493548626424013
GigaPath,BRACS,0.1,0.8582384208518695,0.008322246893375738,0.8509058233103592,0.8672838044262859
GigaPath,BRACS,0.25,0.8804097839945064,0.004526184577313078,0.8770174469284674,0.8855491173145628
GigaPath,BRACS,0.5,0.8911053213923005,0.0022336589619433244,0.8885304463535636,0.8925221662508608
GigaPath,BRACS,1.0,0.8982040556571903,0.0,0.8982040556571903,0.8982040556571903
GigaPath,CRC,0.01,0.9992842578903988,7.331726252052478e-05,0.9992411237469958,0.999368912244798
GigaPath,CRC,0.05,0.9995267227820163,3.5464679562412105e-05,0.9994859650517636,0.9995505438942218
GigaPath,CRC,0.1,0.9996199062946444,3.412369713681304e-05,0.9995958209136035,0.999658955419979
GigaPath,CRC,0.25,0.9997821786064596,2.163933715457439e-05,0.999757675183198,0.99979866677874
GigaPath,CRC,0.5,0.9998558845190169,1.0352283455572931e-05,0.9998453027909564,0.9998659909874936
GigaPath,CRC,1.0,0.9999000489102977,0.0,0.9999000489102976,0.9999000489102976
GigaPath,LungHist700,0.01,0.6552185811632839,0.03689087056732512,0.6161440051977788,0.6894466644292099
GigaPath,LungHist700,0.05,0.7713094078459294,0.05156117804205415,0.7344938715773056,0.8302389886004171
GigaPath,LungHist700,0.1,0.8372409155212354,0.010353739674318827,0.8264188718394152,0.8470522161209454
GigaPath,LungHist700,0.25,0.9111310261215273,0.02362445426301581,0.8860477271913609,0.9329590056103744
GigaPath,LungHist700,0.5,0.9374710036463222,0.011723977730509726,0.925391472949805,0.9488037225594074
GigaPath,LungHist700,1.0,0.96452289514029,0.0,0.96452289514029,0.96452289514029
GigaPath,MHIST,0.01,0.6696305300438201,0.012520608450210333,0.6579866738699801,0.6828741220961643
GigaPath,MHIST,0.05,0.7945359865538147,0.02892319046382493,0.7764631730596074,0.8278948316225463
GigaPath,MHIST,0.1,0.8362776877363588,0.011013940026456382,0.8240815775256618,0.8454979290473617
GigaPath,MHIST,0.25,0.8528438081517499,0.010953198453678495,0.8461147127678732,0.8654826220061229
GigaPath,MHIST,0.5,0.8679572603397564,0.0010345787782966819,0.8671393841166938,0.8691202953358546
GigaPath,MHIST,1.0,0.8868359445344859,0.0,0.8868359445344859,0.8868359445344859
GigaPath,PCam,0.01,0.9815769149509649,0.0007157705794398737,0.9808170127124848,0.9822383602324114
GigaPath,PCam,0.05,0.9842018605243087,0.0003025170944297012,0.9838811092457712,0.9844820508346726
GigaPath,PCam,0.1,0.9837883085222064,0.00042935125944826443,0.9832995428952488,0.9841046192538976
GigaPath,PCam,0.25,0.9828672638553974,0.0003489706681071859,0.9825680373081334,0.9832506037476644
GigaPath,PCam,0.5,0.981273523528387,0.0013917222831938748,0.980036616406568,0.982780479476763
GigaPath,PCam,1.0,0.9799245745550996,0.0,0.9799245745550996,0.9799245745550996
GigaPath,SPIDER-Breast,0.01,0.9866319502197977,0.00030140402003207557,0.9862849232312868,0.9868283456987847
GigaPath,SPIDER-Breast,0.05,0.9926473867375661,4.452755288426828e-05,0.9925971318684972,0.9926819236921208
GigaPath,SPIDER-Breast,0.1,0.9936328976928032,0.00013344834979235482,0.9935342605932694,0.9937847418686788
GigaPath,SPIDER-Breast,0.25,0.9944494109858436,4.388881239987913e-05,0.994401650595688,0.994487968943115
GigaPath,SPIDER-Breast,0.5,0.9946296857928907,1.2660291013089929e-05,0.9946163098544374,0.9946414822033088
GigaPath,SPIDER-Breast,1.0,0.9948218618972472,0.0,0.9948218618972472,0.9948218618972472
H-Optimus-0,BRACS,0.01,0.746102606055843,0.016039402047454507,0.7298470295482282,0.7619167193316423
H-Optimus-0,BRACS,0.05,0.8284092519935039,0.010828815402137128,0.8201759132898064,0.8406759117352985
H-Optimus-0,BRACS,0.1,0.8520697230214633,0.009280257228444028,0.8428320151236592,0.8613919522288604
H-Optimus-0,BRACS,0.25,0.8749332893426653,0.003715982960879364,0.871520489768511,0.8788920498170071
H-Optimus-0,BRACS,0.5,0.8888329017825662,0.0028531203915847453,0.8860595859815604,0.8917596361648698
H-Optimus-0,BRACS,1.0,0.8956033932491522,0.0,0.8956033932491521,0.8956033932491521
H-Optimus-0,CRC,0.01,0.9994320475219213,0.00011213921682487884,0.9993634051776276,0.9995614548412058
H-Optimus-0,CRC,0.05,0.9996554818040555,2.6475963576122975e-05,0.9996307327097134,0.9996833994652716
H-Optimus-0,CRC,0.1,0.9997250585229436,1.6527046880765006e-05,0.9997138946408664,0.9997440445335628
H-Optimus-0,CRC,0.25,0.9998582704471026,3.7521655449298985e-05,0.9998266718487392,0.9998997411518508
H-Optimus-0,CRC,0.5,0.9999254287984011,1.416901267690344e-05,0.9999097409576716,0.9999372951135964
H-Optimus-0,CRC,1.0,0.999951537035037,0.0,0.999951537035037,0.999951537035037
H-Optimus-0,LungHist700,0.01,0.6407132246130499,0.02883121791951822,0.6093547785904437,0.6660736161492894
H-Optimus-0,LungHist700,0.05,0.7539810642172284,0.06685502002771668,0.7020699743604201,0.8294191592548901
H-Optimus-0,LungHist700,0.1,0.8247311813060579,0.014404075619029122,0.8139044664007928,0.8410790747666239
H-Optimus-0,LungHist700,0.25,0.9206702707671077,0.014136499845921852,0.904350437417877,0.9291266794040922
H-Optimus-0,LungHist700,0.5,0.9409427454201967,0.00572992492876438,0.93475423073371,0.9460640089722686
H-Optimus-0,LungHist700,1.0,0.9637720379268856,0.0,0.9637720379268856,0.9637720379268856
H-Optimus-0,MHIST,0.01,0.7012260639894351,0.0549848076177122,0.64039258058707,0.7473842967765171
H-Optimus-0,MHIST,0.05,0.7679602617203914,0.05318932402716529,0.7338825859895554,0.8292499549792905
H-Optimus-0,MHIST,0.1,0.8119109790503632,0.02278921515908911,0.7861201152530164,0.8293309922564379
H-Optimus-0,MHIST,0.25,0.8448961522300258,0.012119566921286344,0.8376283090221501,0.8588870880605078
H-Optimus-0,MHIST,0.5,0.8672609400324148,0.0019858930447000044,0.8658652980370971,0.8695344858634971
H-Optimus-0,MHIST,1.0,0.8848370250315144,0.0,0.8848370250315145,0.8848370250315145
H-Optimus-0,PCam,0.01,0.9822110116295749,0.0005955939246389428,0.981848370695748,0.9828983961121046
H-Optimus-0,PCam,0.05,0.9848634622679762,0.0006620922180460465,0.9842505500773971,0.9855656709250727
H-Optimus-0,PCam,0.1,0.985261808874068,0.0003446565853489736,0.98494020574566,0.9856256294833714
H-Optimus-0,PCam,0.25,0.9840037507918371,0.0005568216116891166,0.98357896207038,0.9846341358388688
H-Optimus-0,PCam,0.5,0.9843411094175566,0.0008613208295899312,0.983388234622864,0.985064317539899
H-Optimus-0,PCam,1.0,0.9821887579830332,0.0,0.9821887579830332,0.9821887579830332
H-Optimus-0,SPIDER-Breast,0.01,0.9910003163773702,0.00028361889218377734,0.9906732680507514,0.9911786466220468
H-Optimus-0,SPIDER-Breast,0.05,0.9943629307595131,4.186461084984841e-05,0.9943156095686764,0.9943951455536052
H-Optimus-0,SPIDER-Breast,0.1,0.9949721186274495,0.00018531188496300664,0.9947595390640892,0.99509957304094
H-Optimus-0,SPIDER-Breast,0.25,0.9954586378021889,2.8640674353730626e-05,0.9954291927869642,0.9954863999239156
H-Optimus-0,SPIDER-Breast,0.5,0.9955851101091971,2.4962733265307427e-05,0.99555794890987,0.9956070477412532
H-Optimus-0,SPIDER-Breast,1.0,0.9956255660731292,0.0,0.9956255660731292,0.9956255660731292
MIDNIGHT,BRACS,0.01,0.748884222159965,0.02202926217720871,0.7336728752972264,0.7741463274799771
MIDNIGHT,BRACS,0.05,0.8243180804717358,0.016390789048980517,0.8120740422690625,0.8429389239984649
MIDNIGHT,BRACS,0.1,0.8508230972316739,0.010633763528022575,0.8396924357613174,0.8608782172931061
MIDNIGHT,BRACS,0.25,0.8697692886789777,0.0019281183931171067,0.8677328265483715,0.8715667867273049
MIDNIGHT,BRACS,0.5,0.881514719044072,0.001172366815155614,0.8803964321087692,0.8827345588845198
MIDNIGHT,BRACS,1.0,0.8920914360615791,0.0,0.8920914360615793,0.8920914360615793
MIDNIGHT,CRC,0.01,0.9982762474795619,0.00019328002443379848,0.9981569795150176,0.9984992477139188
MIDNIGHT,CRC,0.05,0.9988441070248886,4.8055007522356876e-05,0.9988052940738212,0.9988978566201124
MIDNIGHT,CRC,0.1,0.9991079450596366,5.0795992410470964e-05,0.999066777958556,0.9991647112743468
MIDNIGHT,CRC,0.25,0.9994158380393111,5.5848991630847136e-05,0.9993576644658276,0.9994690284850553
MIDNIGHT,CRC,0.5,0.9995895422033597,7.880385060907734e-06,0.999582771523787,0.9995981924165824
MIDNIGHT,CRC,1.0,0.9996967099917168,0.0,0.9996967099917168,0.9996967099917168
MIDNIGHT,LungHist700,0.01,0.6970259101823251,0.08445939019458715,0.6034945360102209,0.767714392384122
MIDNIGHT,LungHist700,0.05,0.8216573028165066,0.05471787165212799,0.7676284211360932,0.87703907409882
MIDNIGHT,LungHist700,0.1,0.8623333798427102,0.022018202385931104,0.8481491447575262,0.8876986154168259
MIDNIGHT,LungHist700,0.25,0.8983472266631974,0.016754175504580995,0.8808984152363798,0.9143074206323404
MIDNIGHT,LungHist700,0.5,0.9151711431481999,0.012023544568279268,0.9012887487774366,0.9222703557959492
MIDNIGHT,LungHist700,1.0,0.9460658957717402,0.0,0.9460658957717402,0.9460658957717402
MIDNIGHT,MHIST,0.01,0.49919412929947776,0.07871670711475016,0.4122051143526022,0.5655141365027913
MIDNIGHT,MHIST,0.05,0.6173689897352782,0.06211710873556337,0.5567981271384836,0.6809247253736719
MIDNIGHT,MHIST,0.1,0.6685710426796326,0.020729286918368055,0.6469611021069692,0.6882901134521879
MIDNIGHT,MHIST,0.25,0.6906176841347019,0.022473075109121055,0.6657932649018549,0.7095759049162615
MIDNIGHT,MHIST,0.5,0.7119484963083019,0.011710546867552001,0.6985233207275346,0.7200612281649559
MIDNIGHT,MHIST,1.0,0.7383261300198093,0.0,0.7383261300198092,0.7383261300198092
MIDNIGHT,PCam,0.01,0.9461685084884003,0.006008007909109738,0.9392316193221112,0.9497133438883492
MIDNIGHT,PCam,0.05,0.9567592710798145,0.0016821755419997087,0.9556278319126508,0.9586923233267808
MIDNIGHT,PCam,0.1,0.9566371821185768,0.002098697957470023,0.9544545552442714,0.9586404374740326
MIDNIGHT,PCam,0.25,0.9567336000996818,0.0009377805367891315,0.9556589902463948,0.9573864151236948
MIDNIGHT,PCam,0.5,0.9549784689916111,0.001568735944444813,0.9534617875502542,0.9565945337456918
MIDNIGHT,PCam,1.0,0.9534379270615373,0.0,0.9534379270615372,0.9534379270615372
MIDNIGHT,SPIDER-Breast,0.01,0.9501060182096676,0.0021478746434321987,0.9476432881293396,0.951591520806058
MIDNIGHT,SPIDER-Breast,0.05,0.9738110770652678,0.0007141500012502956,0.9731568877282162,0.9745729561145524
MIDNIGHT,SPIDER-Breast,0.1,0.9795181539169912,0.0004690283449539262,0.9790856550362208,0.980016708382074
MIDNIGHT,SPIDER-Breast,0.25,0.9844765668836802,0.00018277848342802206,0.9842713457812776,0.984621852935473
MIDNIGHT,SPIDER-Breast,0.5,0.9872048977761,0.0001063837393951938,0.9870820579052898,0.9872668417460412
MIDNIGHT,SPIDER-Breast,1.0,0.9890044041628118,0.0,0.9890044041628118,0.9890044041628118
PLIP,BRACS,0.01,0.7284771416491291,0.04552157774519856,0.6782269658704332,0.7669590224196211
PLIP,BRACS,0.05,0.8038182290745216,0.016487475047666733,0.7911151407653491,0.8224502656461267
PLIP,BRACS,0.1,0.8239260648762795,0.006605099964171082,0.8163022216422565,0.8279253532298672
PLIP,BRACS,0.25,0.8361349685887881,0.005701197154937979,0.8322360784889582,0.842678174733009
PLIP,BRACS,0.5,0.8455337622619351,0.0033907136010182053,0.8416856339680444,0.8480830225376655
PLIP,BRACS,1.0,0.856587673169057,0.0,0.856587673169057,0.856587673169057
PLIP,CRC,0.01,0.9960008341429091,0.00019803096219213052,0.9958767148604402,0.9962292129495344
PLIP,CRC,0.05,0.9976718059652789,2.156659070391227e-05,0.9976470370665363,0.9976864251575664
PLIP,CRC,0.1,0.998155085565315,1.656175178031004e-05,0.9981363802532476,0.9981678842476658
PLIP,CRC,0.25,0.9986530545451138,2.4061568201017723e-05,0.9986271586273304,0.998674720883781
PLIP,CRC,0.5,0.9989412106059538,1.7974439153595946e-05,0.9989208030693614,0.998954690011678
PLIP,CRC,1.0,0.9991666117025452,0.0,0.9991666117025452,0.9991666117025452
PLIP,LungHist700,0.01,0.7624613886806659,0.03305326500727606,0.7244925228350151,0.7848062155443036
PLIP,LungHist700,0.05,0.8474709085949453,0.020017949171174585,0.8267458914434879,0.8666975887097168
PLIP,LungHist700,0.1,0.8760928273474713,0.012529670031652321,0.8659669212375893,0.8901052021821966
PLIP,LungHist700,0.25,0.8960891558904108,0.02050495806729644,0.8822323143551426,0.9196441897329148
PLIP,LungHist700,0.5,0.9036981086794643,0.011804866022916543,0.8951784996420306,0.9171729584072926
PLIP,LungHist700,1.0,0.9220359017533605,0.0,0.9220359017533604,0.9220359017533604
PLIP,MHIST,0.01,0.7036136622846509,0.06072925968100553,0.6336214658743021,0.7423329731676571
PLIP,MHIST,0.05,0.7565700222102167,0.01911466842094114,0.7451692778678193,0.7786376733297318
PLIP,MHIST,0.1,0.7793655081337416,0.006391179841165357,0.7720691518098325,0.7839726274086081
PLIP,MHIST,0.25,0.7939492166396542,0.005511022181016883,0.7890149468755627,0.7998964523680893
PLIP,MHIST,0.5,0.8063134041659165,0.007188644816680264,0.7989150009004142,0.8132721051683774
PLIP,MHIST,1.0,0.8291644156311905,0.0,0.8291644156311905,0.8291644156311905
PLIP,PCam,0.01,0.94226822444974,0.0011068352710454287,0.9414989319944668,0.9435367406655112
PLIP,PCam,0.05,0.9504853582895643,0.0005552154185116946,0.9498641697441949,0.950933276100943
PLIP,PCam,0.1,0.9515059936436279,7.0169272373952e-05,0.9514249772571916,0.951547494626892
PLIP,PCam,0.25,0.9529608091777054,0.0007048071011144132,0.952146968451148,0.9533684392089156
PLIP,PCam,0.5,0.9531051952472128,0.0006435407994244855,0.9524826171683084,0.9537678276547178
PLIP,PCam,1.0,0.9523657175374036,0.0,0.9523657175374036,0.9523657175374036
PLIP,SPIDER-Breast,0.01,0.9447151800217825,0.0033187886634351853,0.94152439243216,0.9481486472947168
PLIP,SPIDER-Breast,0.05,0.9650643579182338,0.0004807732028731132,0.9645398234798476,0.9654840754146926
PLIP,SPIDER-Breast,0.1,0.9712023738980614,0.000406968860567965,0.9708947911649416,0.9716638474061032
PLIP,SPIDER-Breast,0.25,0.9762605480013545,0.00015840935113327874,0.9761467009531016,0.976441458055917
PLIP,SPIDER-Breast,0.5,0.9790636712426525,0.00021993940286483472,0.9788493387561964,0.97928881854313
PLIP,SPIDER-Breast,1.0,0.9816586026879696,0.0,0.9816586026879696,0.9816586026879696
UNI,BRACS,0.01,0.785739829982184,0.020880079877731453,0.7616340370155833,0.798193718721001
UNI,BRACS,0.05,0.8540539113954025,0.009232147176733993,0.8467684605019842,0.8644363842745137
UNI,BRACS,0.1,0.8680369036781768,0.0060163179104404324,0.8621632858019276,0.8741864281316155
UNI,BRACS,0.25,0.8848528828121958,0.004280285728238298,0.8805822739197661,0.8891427801854588
UNI,BRACS,0.5,0.8951622446224418,0.0030899657155934786,0.8918930092799499,0.8980345873560882
UNI,BRACS,1.0,0.9012589709524764,0.0,0.9012589709524764,0.9012589709524764
UNI,CRC,0.01,0.9994475841496796,0.00011427618866673421,0.9993768779504184,0.9995794231152996
UNI,CRC,0.05,0.9996093015865503,5.7988606344398506e-05,0.9995425683483928,0.9996474310471702
UNI,CRC,0.1,0.9996696736882832,3.401813035972791e-05,0.9996325775034144,0.999699408290196
UNI,CRC,0.25,0.9998108506837218,4.3829150368175644e-05,0.9997786037222698,0.9998607542551794
UNI,CRC,0.5,0.999892127050979,3.390837852059305e-05,0.9998543881739848,0.9999200303704976
UNI,CRC,1.0,0.9999219330690908,0.0,0.9999219330690908,0.9999219330690908
UNI,LungHist700,0.01,0.6790216163079821,0.018374277658404162,0.6680259617412434,0.7002336335149476
UNI,LungHist700,0.05,0.8110901529189513,0.04837826807546267,0.7631658263843945,0.8599099310484446
UNI,LungHist700,0.1,0.8682977164985147,0.019176100274330674,0.8497558516949673,0.8880506457967015
UNI,LungHist700,0.25,0.9267321490192475,0.015722526662581462,0.9100480885634414,0.9412733275504128
UNI,LungHist700,0.5,0.9447378967050479,0.007039179370458693,0.9381056738060222,0.9521234381850098
UNI,LungHist700,1.0,0.9634073153799294,0.0,0.9634073153799294,0.9634073153799294
UNI,MHIST,0.01,0.6927846809532384,0.06948456467066846,0.6134206735098146,0.7426706284891049
UNI,MHIST,0.05,0.7712137583288312,0.0324287977111866,0.7436115613182064,0.8069286871961102
UNI,MHIST,0.1,0.8196950597274747,0.008078278984122712,0.8117639113992436,0.8279128399063569
UNI,MHIST,0.25,0.8383186265682214,0.013406806229430973,0.8228435080136863,0.8464208535926527
UNI,MHIST,0.5,0.869498469295876,0.0033707946573231064,0.8660813974428239,0.8728209976589231
UNI,MHIST,1.0,0.8856428957320367,0.0,0.8856428957320367,0.8856428957320367
UNI,PCam,0.01,0.982210100175049,0.000935952476767151,0.9816070314449988,0.9832883185935304
UNI,PCam,0.05,0.9835845400727384,0.0009262540534975087,0.9826982995577778,0.984546196620031
UNI,PCam,0.1,0.9830771914526163,0.0009508951869599438,0.9820703645104464,0.9839599811063672
UNI,PCam,0.25,0.9820907294344621,0.0005177388627852415,0.9816193137293548,0.9826448379069458
UNI,PCam,0.5,0.9824870085040608,0.0004617618971007742,0.9820470106613022,0.9829678243600704
UNI,PCam,1.0,0.9786119794547076,0.0,0.9786119794547076,0.9786119794547076
UNI,SPIDER-Breast,0.01,0.9867784615279301,0.0004638649102840701,0.9863779811841494,0.9872867313666982
UNI,SPIDER-Breast,0.05,0.9926173499492573,0.00020951532446597025,0.9924714532055128,0.9928574278406934
UNI,SPIDER-Breast,0.1,0.9936230965789775,6.2633683555205e-05,0.9935527857901628,0.9936729241595847
UNI,SPIDER-Breast,0.25,0.994536996374697,0.00015158968006146451,0.9944466486532388,0.9947120062782708
UNI,SPIDER-Breast,0.5,0.9948033053450059,0.00011957497080661217,0.9946661574920618,0.994885700395456
UNI,SPIDER-Breast,1.0,0.9951334781789676,0.0,0.9951334781789676,0.9951334781789676
VIRCHOW2,BRACS,0.01,0.7918278214942965,0.020513553089919246,0.7712968455807996,0.812323907253837
VIRCHOW2,BRACS,0.05,0.8729085564857993,0.006830455327863067,0.8670848429546263,0.8804267556741826
VIRCHOW2,BRACS,0.1,0.8826118790969696,0.004235775531430586,0.8778273847755302,0.8858834754026549
VIRCHOW2,BRACS,0.25,0.8932662910834965,0.0025212757281987174,0.89052684083616,0.8954894742051821
VIRCHOW2,BRACS,0.5,0.9001027106397955,0.0011972865950107877,0.8992838573251581,0.9014768158069936
VIRCHOW2,BRACS,1.0,0.9038447387617934,0.0,0.9038447387617934,0.9038447387617934
VIRCHOW2,CRC,0.01,0.9990507617922502,0.0001633061166029578,0.9988772861931398,0.9992015195114
VIRCHOW2,CRC,0.05,0.9995024114081432,5.6867639579005916e-05,0.9994384327936552,0.9995472062258194
VIRCHOW2,CRC,0.1,0.9996185274641306,6.904926985064918e-06,0.9996122215649896,0.9996259059010916
VIRCHOW2,CRC,0.25,0.9997751624125596,2.4524918330349082e-05,0.9997553436350182,0.9998025898965944
VIRCHOW2,CRC,0.5,0.9998589945151765,1.4692740178731011e-05,0.9998420299875485,0.9998676506057094
VIRCHOW2,CRC,1.0,0.9999149146886968,0.0,0.9999149146886968,0.9999149146886968
VIRCHOW2,LungHist700,0.01,0.8104034732786647,0.0237074718432337,0.7908149641055713,0.8367585838962095
VIRCHOW2,LungHist700,0.05,0.8721417177017393,0.02627053199181257,0.8542094236094785,0.9022966701076428
VIRCHOW2,LungHist700,0.1,0.913326549787318,0.013688763581108015,0.9044301830749376,0.9290894687952416
VIRCHOW2,LungHist700,0.25,0.9489986311417135,0.008681378010117133,0.943515617311685,0.9590077885477276
VIRCHOW2,LungHist700,0.5,0.9607062562999505,0.00287414623264396,0.9584494955138356,0.9639420022598502
VIRCHOW2,LungHist700,1.0,0.9724456901692357,0.0,0.9724456901692358,0.9724456901692358
VIRCHOW2,MHIST,0.01,0.6291268983732516,0.06632896876809573,0.569201332613002,0.7003961822438322
VIRCHOW2,MHIST,0.05,0.8212137583288314,0.032389259852449795,0.7838330632090761,0.840941833243292
VIRCHOW2,MHIST,0.1,0.8628774236148629,0.022140585484717114,0.837358184764992,0.8769719070772556
VIRCHOW2,MHIST,0.25,0.8912809892550574,0.0031266755817569375,0.8885692418512516,0.8947010624887448
VIRCHOW2,MHIST,0.5,0.9059787502251035,0.0011939149243548899,0.9046011165135962,0.9067125877903836
VIRCHOW2,MHIST,1.0,0.9157977669728076,0.0,0.9157977669728076,0.9157977669728076
VIRCHOW2,PCam,0.01,0.9791960467172401,0.0004092105102970373,0.9787459446435844,0.9795456342314782
VIRCHOW2,PCam,0.05,0.9829264835643184,0.0006211109330437869,0.9822220620843808,0.9833954058079976
VIRCHOW2,PCam,0.1,0.9839780872622863,0.0013399940407801537,0.982572623141328,0.9852412539602124
VIRCHOW2,PCam,0.25,0.9857030584145954,0.00041916224575743295,0.985437446409594,0.9861862708744678
VIRCHOW2,PCam,0.5,0.9861847770327854,0.00024938727323830313,0.9859024223283628,0.9863749531372364
VIRCHOW2,PCam,1.0,0.9857326123896911,0.0,0.9857326123896912,0.9857326123896912
VIRCHOW2,SPIDER-Breast,0.01,0.9876331452115051,0.0011067021920388481,0.9867472059301376,0.9888736883184984
VIRCHOW2,SPIDER-Breast,0.05,0.9930761919979978,0.00022933483268465775,0.9928956998173276,0.9933342516605498
VIRCHOW2,SPIDER-Breast,0.1,0.9940343880029868,5.5347447933548086e-05,0.9939708537163656,0.9940721456229402
VIRCHOW2,SPIDER-Breast,0.25,0.994811144100434,6.140871484883478e-05,0.9947559118632932,0.9948772709998936
VIRCHOW2,SPIDER-Breast,0.5,0.9951943760855874,1.0495558510239182e-06,0.9951932804605896,0.9951953725314362
VIRCHOW2,SPIDER-Breast,1.0,0.9954294040691621,0.0,0.995429404069162,0.995429404069162
