model,dataset,fraction,n_seeds,auroc_mean,auroc_ci_low,auroc_ci_high,auroc_ci_width,ece_mean,ece_ci_low,ece_ci_high,ece_ci_width,brier_mean,brier_ci_low,brier_ci_high,brier_ci_width,f1_mean,f1_ci_low,f1_ci_high,f1_ci_width
CLIP,BRACS,0.01,3,0.6942489976050666,0.6766619789669829,0.728975924760752,0.052313945793769134,0.10542660491440665,0.08889620295882021,0.1326485996855362,0.04375239672671598,0.12516805032564715,0.12423725479980659,0.1257138623883861,0.0014766075885795232,0.0825730432579614,0.0347787805414924,0.1382772764561115,0.10349849591461908
CLIP,BRACS,0.05,3,0.749851471267307,0.744751989051163,0.759964706683327,0.01521271763216403,0.13699131433470588,0.11011784840614298,0.18218777399176136,0.07206992558561838,0.1166018556243406,0.1153718856265082,0.1175967971993744,0.002224911572866195,0.2592353457508078,0.19480034843875801,0.3227123913823063,0.12791204294354827
CLIP,BRACS,0.1,3,0.7634118963324904,0.75711280071455,0.7690668287939505,0.011954028079400492,0.11881308663692265,0.0962704332077877,0.1453180089561306,0.049047575748342884,0.11208425284305401,0.1114082394112838,0.1125114888372347,0.0011032494259509001,0.3007638591901896,0.2641342342172931,0.33846006851085714,0.07432583429356404
CLIP,BRACS,0.25,3,0.7818683812258511,0.7781539244715762,0.7890764235885558,0.010922499116979623,0.11910974403433965,0.0951303667078004,0.1331296401924532,0.03799927348465282,0.10506316522353876,0.1042764816968374,0.10622286490662698,0.0019463832097895845,0.3414701743315361,0.3055836413929052,0.36083543446016114,0.05525179306725592
CLIP,BRACS,0.5,3,0.7961214295193974,0.7949594139047415,0.7973124413842237,0.0023530274794822947,0.10464217710724387,0.1018933120820083,0.10691928796695731,0.005025975884949005,0.09968703037736841,0.0996173760182338,0.0997874350323325,0.0001700590140987085,0.38706169164277865,0.38592273572094343,0.388884789128914,0.0029620534079705663
CLIP,BRACS,1.0,3,0.8137754803415936,0.8137754803415936,0.8137754803415936,0.0,0.0870837047793156,0.0870837047791404,0.08708370477951881,3.784056401556768e-13,0.09505534757940381,0.095055347579392,0.09505534757942298,3.097522238704187e-14,0.43348485180955026,0.43348485180955026,0.43348485180955026,0.0
CLIP,CRC,0.01,3,0.9770994330038499,0.9761106711153956,0.9776932437983475,0.0015825726829519215,0.36152668913971103,0.3398011254714816,0.383914624742352,0.04411349927087038,0.050209788423486106,0.049873560470575,0.0503830289397115,0.0005094684691364995,0.8026820521846986,0.7789408510110611,0.825560456069503,0.04661960505844187
CLIP,CRC,0.05,3,0.9895444216315319,0.9891443032758408,0.9897452065706082,0.0006009032947673631,0.2295305777176078,0.2292314801526981,0.2300375905539874,0.0008061104012893061,0.02800762018156977,0.027894059446864395,0.0281937118263742,0.00029965237950980647,0.8809772822506097,0.8798100752892267,0.8815998646056419,0.001789789316415158
CLIP,CRC,0.1,3,0.9926133522387571,0.9924368837300612,0.9927544334746029,0.0003175497445416786,0.17445127045207687,0.1733683931665433,0.17595138708619404,0.00258299391965075,0.021669745022258866,0.0215906938616128,0.0218186568380017,0.00022796297638890198,0.8996549580357668,0.8980981033622406,0.90053391222634,0.0024358088640994424
CLIP,CRC,0.25,3,0.995353226725832,0.9953034547552676,0.9954380407206752,0.0001345859654076076,0.12356801567422758,0.1221815280114991,0.1246441624727314,0.0024626344612322937,0.015545631688717467,0.015477264485558,0.015593938006686,0.00011667352112800129,0.9244711308232704,0.9234536096521756,0.9255220293992513,0.0020684197470757226
CLIP,CRC,0.5,3,0.9966765665307991,0.9966347789372124,0.9967224907427378,8.771180552535895e-05,0.0942241289553845,0.0937768428725071,0.095022228906689,0.0012453860341819084,0.012312464816813267,0.0122747712875149,0.0123587262346349,8.395494712000115e-05,0.9386394437583916,0.9383307451176467,0.9391405659694044,0.0008098208517577365
CLIP,CRC,1.0,3,0.9976325459696076,0.997630269587304,0.9976337335241364,3.463936832370784e-06,0.07183432036997589,0.0718160710825348,0.0718705893790335,5.451829649870399e-05,0.0098049744455466,0.0098034446077157,0.0098078193550159,4.37474730019885e-06,0.950426356192248,0.9504009415178384,0.9504771855410672,7.624402322881085e-05
CLIP,LungHist700,0.01,3,0.6350789770935871,0.5742367982617195,0.7062655544447408,0.13202875618302135,0.14540839526099295,0.0636376715486758,0.2526510952085641,0.1890134236598883,0.12209543522156817,0.1218284060338974,0.12229060303581958,0.00046219700192218216,0.24479354665626554,0.1780251935579278,0.3087925621176852,0.13076736855975737
CLIP,LungHist700,0.05,3,0.7150317539732196,0.655095458548421,0.7465770785106542,0.09148161996223325,0.10333820625251709,0.0635913520264686,0.1278901023386345,0.06429875031216589,0.1247298345515363,0.12253221436997559,0.1270695114213676,0.004537297051392011,0.07140328044379213,0.0457142857142857,0.12278126990280498,0.07706698418851929
CLIP,LungHist700,0.1,3,0.7445867510718509,0.720318024043447,0.7894603608909957,0.06914233684754867,0.15933710267690018,0.1326761372974904,0.17555164575367668,0.04287550845618629,0.12301588777436873,0.12259672705577558,0.12374201619104301,0.00114528913526743,0.045682272909163636,0.0456182472989195,0.0457142857142857,9.603841536619945e-05
CLIP,LungHist700,0.25,3,0.8080990499109554,0.7826803237082599,0.8256864268872436,0.04300610317898368,0.11047181863529064,0.0496090855537632,0.1599814224237959,0.1103723368700327,0.12004480136344503,0.1191158584676329,0.121231726587211,0.0021158681195781043,0.0778005136625826,0.0457142857142857,0.1419729695591764,0.0962586838448907
CLIP,LungHist700,0.5,3,0.8263254777374573,0.8064120611122559,0.8412662196944677,0.03485415858221175,0.07110711784476863,0.0378861253190573,0.1093037621732708,0.0714176368542135,0.11605744299804531,0.11492940872159559,0.1170918479819183,0.00216243926032271,0.15310289942971667,0.11459180257305461,0.20839202937812287,0.09380022680506826
CLIP,LungHist700,1.0,3,0.8354478917641995,0.8354478917641995,0.8354478917641995,0.0,0.1092982121133294,0.1092982121133294,0.1092982121133294,0.0,0.10998947231786838,0.1099894723178683,0.10998947231786842,1.1102230246251565e-16,0.21552257266542982,0.21552257266542982,0.21552257266542982,0.0
CLIP,MHIST,0.01,3,0.6539032955159373,0.5745092742661624,0.7265036916981812,0.1519944174320188,0.15013008650633178,0.10945338094161268,0.1980286994879277,0.08857531854631502,0.25316028186849615,0.2393820390916944,0.2695863915327224,0.03020435244102801,0.0,0.0,0.0,0.0
CLIP,MHIST,0.05,3,0.7860045620985653,0.7770259319286872,0.7959616423554835,0.018935710426796315,0.15632978845145182,0.1254060525743882,0.1720829960363045,0.04667694346191631,0.23031098689712934,0.22495779379615546,0.2358190451395514,0.010861251343395939,0.0,0.0,0.0,0.0
CLIP,MHIST,0.1,3,0.8141680172879525,0.8092652620205293,0.8218575544750587,0.012592292454529419,0.17618919138288244,0.1662504849423507,0.1817667685491943,0.015516283606843595,0.2199758841323597,0.2116640013897034,0.2287709385059213,0.017106937116217913,0.0,0.0,0.0,0.0
CLIP,MHIST,0.25,3,0.834313284110691,0.8256663065009905,0.8436205654601117,0.017954258959121172,0.1565658032920283,0.1456303226283521,0.1688551909186621,0.023224868290310008,0.19421689255812566,0.1924153602298957,0.1965723718083009,0.004157011578405201,0.048313826483143425,0.0273224043715847,0.0795755968169761,0.052253192445391394
CLIP,MHIST,0.5,3,0.8443784140704725,0.840257518458491,0.8499864937871422,0.009728975328651246,0.14100879491431664,0.138399049467649,0.1428758882835059,0.004476838815856893,0.1805479322694359,0.17821199407052637,0.1832903045497973,0.005078310479270931,0.29249596597123634,0.2311320754716981,0.3421052631578947,0.1109731876861966
CLIP,MHIST,1.0,3,0.8535251215559155,0.8535251215559155,0.8535251215559155,0.0,0.11701799192424811,0.1170179919242461,0.1170179919242502,4.107825191113079e-15,0.16812731746738674,0.1681273174673867,0.16812731746738682,1.1102230246251565e-16,0.497196261682243,0.497196261682243,0.497196261682243,0.0
CLIP,PCam,0.01,3,0.8811240910555439,0.8798468601424103,0.883224294625187,0.00337743448277672,0.08091328770655172,0.0763820394434654,0.08852439916799788,0.012142359724532481,0.14726399409159385,0.1472015850217231,0.1473884429954451,0.0001868579737220044,0.7985048729991705,0.7937736022842405,0.802244965335094,0.008471363050853498
CLIP,PCam,0.05,3,0.8990712118191869,0.8971684387372938,0.9003773075285855,0.0032088687912916747,0.0549628939463002,0.04946900460314171,0.0610516153367652,0.011582610733623495,0.13196746678069576,0.1314412260774574,0.132765627133081,0.001324401055623592,0.8074515529822666,0.8061301715438951,0.8090957496789551,0.002965578135060043
CLIP,PCam,0.1,3,0.9055140094341828,0.9053498184760699,0.9057752914093036,0.00042547293323369484,0.04870984123209917,0.046135174101267905,0.050683551117784,0.004548377016516093,0.12695770073589888,0.1265606360133878,0.1271616776403642,0.0006010416269764118,0.8124366352083031,0.8110447666887813,0.8146306147502282,0.0035858480614469057
CLIP,PCam,0.25,3,0.909717845082933,0.9091292789106618,0.910815531872068,0.0016862529614062316,0.04047709639624837,0.0398202559159865,0.0410747386497777,0.0012544827337912026,0.12348586306787664,0.12277278096672932,0.1238862331002591,0.0011134521335297853,0.8141888014545199,0.8128649373025749,0.8156775626785148,0.002812625375939848
CLIP,PCam,0.5,3,0.9135839868297753,0.9121889907764663,0.9144702099600442,0.0022812191835779316,0.041060241098982764,0.0394858537280681,0.0428890340938772,0.003403180365809097,0.1209066678509745,0.1200515332028495,0.1221459783670676,0.002094445164218098,0.8176262859038684,0.8148290804044295,0.8198650506859391,0.005035970281509594
CLIP,PCam,1.0,3,0.9165845671518783,0.9165845547342418,0.9165845733606967,1.8626454822978644e-08,0.04063580368493753,0.0406356763950781,0.0406360508585668,3.744634887031806e-07,0.11839831467989874,0.1183982954649163,0.1183983519918606,5.652694430591243e-08,0.8234578182051117,0.8234578182051117,0.8234578182051117,0.0
CLIP,SPIDER-Breast,0.01,3,0.8929578345361927,0.8896968158109977,0.8962248039593379,0.006527988148340214,0.15382444896982184,0.1316320092100818,0.1665744272807731,0.03494241807069129,0.0456574270733737,0.0452629615076279,0.0460569997957285,0.0007940382881005958,0.26227596656024815,0.2502454752308972,0.2725177896748301,0.022272314443932906
CLIP,SPIDER-Breast,0.05,3,0.9239862936183642,0.9213118870020617,0.9263667810458404,0.005054894043778679,0.2530029447653342,0.24572775018618573,0.2634482307677425,0.017720480581556758,0.03779325714496579,0.0375587673587361,0.0379255779607623,0.0003668106020261949,0.48302562046735414,0.4719839901018465,0.4916327865136169,0.01964879641177042
CLIP,SPIDER-Breast,0.1,3,0.935494893620244,0.933712121535502,0.9364470611970752,0.0027349396615732324,0.23133611400755016,0.22754787719101474,0.2340119472537666,0.006464070062751848,0.033750274314707306,0.0335030449159245,0.0340999031287992,0.0005968582128747027,0.536274454974094,0.5342132653029175,0.5373133801798678,0.0031001148769503883
CLIP,SPIDER-Breast,0.25,3,0.9485581567222972,0.9481532244643428,0.948778324711354,0.0006251002470112343,0.18827549013847347,0.18529639596115652,0.19332666880074237,0.00803027283958585,0.0290893618190269,0.0289634697301728,0.0291573808332605,0.00019391110308769957,0.5872387777087873,0.5833218471294594,0.5917435468355154,0.008421699706055996
CLIP,SPIDER-Breast,0.5,3,0.9570549251475561,0.9568142450739764,0.9573341268921544,0.0005198818181779696,0.1559555836312471,0.1553650341791718,0.1564654822050371,0.001100448025865286,0.026164355381191533,0.0261483732811208,0.026195523216392697,4.7149935271897925e-05,0.6182923143696527,0.6172162711035306,0.619864253660551,0.0026479825570203674
CLIP,SPIDER-Breast,1.0,3,0.9639805733706058,0.9635696531679604,0.9642261279379859,0.0006564747700255058,0.12621864377108513,0.1248321324345007,0.1270791035476056,0.002246971113104901,0.023653027180923065,0.0235992555232057,0.0237400343266698,0.00014077880346409846,0.6467791506121053,0.6456222111295921,0.6476348711673464,0.0020126600377543546
CONCH,BRACS,0.01,3,0.8331426413829757,0.8218985686373276,0.84242800764477,0.020529439007442418,0.12717445021346055,0.0428114981487725,0.2225466690005415,0.17973517085176902,0.10876857918006066,0.1054481996338088,0.1124974961746948,0.007049296540885999,0.27387622767865155,0.2265951702186051,0.3182943924075788,0.0916992221889737
CONCH,BRACS,0.05,3,0.8833508135675482,0.8790444018852307,0.8865429609111614,0.007498559025930662,0.138840397144845,0.0633095474130254,0.1828455504618065,0.1195360030487811,0.08700190254914204,0.08447025552840588,0.0903592385774127,0.005888983049006813,0.4762045551336696,0.4037963250884105,0.5179490583810639,0.11415273329265335
CONCH,BRACS,0.1,3,0.8901220875584152,0.8880639198735206,0.8911689506781227,0.0031050308046021158,0.10418972982619656,0.0658231213945181,0.138334369744337,0.0725112483498189,0.08111525513972402,0.0792405311717973,0.08315102164671,0.003910490474912695,0.5001943502331079,0.4172397269973018,0.5486817380234507,0.13144201102614889
CONCH,BRACS,0.25,3,0.8982913777118595,0.8961952491330735,0.901988550774996,0.005793301641922488,0.068494946465246,0.047407905307906305,0.0888543175120442,0.041446412204137896,0.07564497024718907,0.0748195322911633,0.0770749031417404,0.0022553708505771014,0.5527061756817662,0.532550975317044,0.5713995142027983,0.03884853888575435
CONCH,BRACS,0.5,3,0.9016416204694128,0.901250074756223,0.9021903185472856,0.0009402437910626116,0.04718694020530456,0.0416200681081483,0.0523437449809385,0.010723676872790203,0.07328951244588143,0.0730604714506215,0.0734939760717851,0.000433504621163594,0.575975152419239,0.5625092779278164,0.5831375431909349,0.02062826526311856
CONCH,BRACS,1.0,3,0.9046904324226631,0.9046904324226631,0.9046904324226631,0.0,0.02982466603114743,0.0298246660309715,0.0298246660312812,3.0970018216613937e-13,0.07188828892202036,0.0718882889219555,0.0718882889220696,1.1408929356804265e-13,0.5894401916092502,0.5894401916092502,0.5894401916092502,0.0
CONCH,CRC,0.01,3,0.9981102348212882,0.9980747983000736,0.9981300893276351,5.529102756152149e-05,0.18831520537734,0.18683122076039718,0.190440157969937,0.0036089372095398087,0.011851603741274766,0.0117216275345357,0.011994396008604502,0.0002727684740688012,0.9650773706250092,0.9632932988824372,0.9670336613982312,0.0037403625157940157
CONCH,CRC,0.05,3,0.9986960754214381,0.998636178091834,0.9987605756107897,0.00012439751895565454,0.0690202139419633,0.068343192939521,0.0695393518650722,0.001196158925551194,0.0059219512899630665,0.005859955330604999,0.0059968144609699,0.00013685913036490076,0.9729630164172235,0.9726863910669864,0.9732703276508105,0.0005839365838240518
CONCH,CRC,0.1,3,0.9989033131613612,0.9988571737038677,0.9989276861961738,7.051249230605183e-05,0.044968274269259305,0.0433716854678849,0.04705975096880851,0.0036880655009236124,0.004897773362247033,0.0048321732205879,0.0049527696697315,0.00012059644914360051,0.9753202097509316,0.9748626592551072,0.9760109808107448,0.0011483215556375992
CONCH,CRC,0.25,3,0.9991577926897733,0.9991102383580696,0.9991856709798174,7.54326217478063e-05,0.027392735964028997,0.026562305892593497,0.0283195271736851,0.0017572212810916046,0.004006234726213134,0.0039709304963938,0.0040422533860664,7.132288967259988e-05,0.978896850697863,0.9784324422867384,0.9793356402681748,0.0009031979814363433
CONCH,CRC,0.5,3,0.9993179112414285,0.9993130426898261,0.9993211402893264,8.09759950026745e-06,0.0192168323797353,0.0190038314907384,0.0194566682214933,0.00045283673075489916,0.0034855164763579333,0.003468648632235,0.0035127417879154,4.409315568039982e-05,0.981218597685246,0.9810372590234347,0.9813566202581553,0.0003193612347205388
CONCH,CRC,1.0,3,0.9994136787146107,0.9994136787146107,0.9994136787146107,0.0,0.013304782490951466,0.0133047824907428,0.0133047824912948,5.519994183966759e-13,0.0030968063634457667,0.0030968063634132,0.0030968063634866003,7.340048707726865e-14,0.9828761845101571,0.9828761845101571,0.9828761845101571,0.0
CONCH,LungHist700,0.01,3,0.8630391844458026,0.8351183999591102,0.890451431090361,0.055333031131250765,0.32832815766082396,0.2238884396760293,0.39445937643037415,0.17057093675434484,0.11519561434108117,0.1147676329236379,0.11590656121697158,0.001138928293333688,0.4108512256018862,0.3370893541700995,0.4482974142037767,0.11120806003367723
CONCH,LungHist700,0.05,3,0.9068458293980591,0.8874752321761085,0.92360257082477,0.03612733864866158,0.17393400103282422,0.1375460704286539,0.2039136529593,0.06636758253064609,0.1050671007132421,0.1009973113934522,0.1086728835439058,0.0076755721504535995,0.2623404941786344,0.1979960536924716,0.3637955182072829,0.16579946451481128
CONCH,LungHist700,0.1,3,0.9399848057002456,0.9370843861463282,0.941509617107398,0.004425230961069837,0.1894569065613576,0.1284798465980669,0.270468225109131,0.14198837851106408,0.09306428835220183,0.09195963014327908,0.09489593851188742,0.002936308368608337,0.40928002526892854,0.3561826644533412,0.4703412529499486,0.11415858849660743
CONCH,LungHist700,0.25,3,0.9580448708235636,0.956161734354427,0.9590872863197774,0.0029255519653503814,0.2374207802590579,0.220484018800844,0.2508674691378307,0.030383450336986695,0.07624971631607873,0.0757974170292745,0.0767734530144873,0.0009760359852128003,0.608614188094828,0.5858684205276493,0.6523126158676031,0.06644419533995383
CONCH,LungHist700,0.5,3,0.9630159986154728,0.9623929972503328,0.9637466277543548,0.0013536305040220409,0.24228589436374945,0.2031257031251026,0.2875668436670883,0.08444114054198568,0.06305715802503963,0.0612623354256694,0.0639832523661936,0.002720916940524197,0.676646139130631,0.6243115069182649,0.7202662322952288,0.09595472537696392
CONCH,LungHist700,1.0,3,0.971386775329594,0.971386775329594,0.971386775329594,0.0,0.20836451760473418,0.20836451760473382,0.2083645176047344,5.828670879282072e-16,0.0518460714890121,0.0518460714890121,0.0518460714890121,0.0,0.7006370321407914,0.7006370321407914,0.7006370321407914,0.0
CONCH,MHIST,0.01,3,0.6864277567681133,0.6650639294075275,0.7125427696740502,0.047478840266522715,0.15286848925534527,0.1156580273591445,0.2037523782126609,0.0880943508535164,0.2478404941525768,0.2295361726320451,0.2673948821602975,0.037858709528252404,0.0,0.0,0.0,0.0
CONCH,MHIST,0.05,3,0.7603067411009065,0.721452368089321,0.7934629929767693,0.07201062488744825,0.13736837235358146,0.129481572113165,0.1504658045247843,0.020984232411619314,0.21738231746432946,0.2108722293268209,0.22160312628259712,0.010730896955776226,0.0,0.0,0.0,0.0
CONCH,MHIST,0.1,3,0.7772645416891771,0.7745993156852152,0.781658562938952,0.0070592472537367446,0.13497208765482369,0.1197805470728139,0.1590910378146665,0.0393104907418526,0.20754861333480823,0.20150175582902077,0.216654237706473,0.015152481877452217,0.0217886275441514,0.0,0.0380434782608695,0.0380434782608695
CONCH,MHIST,0.25,3,0.8170613482201813,0.8003871781019267,0.8278047902034936,0.0274176121015669,0.11849430481918256,0.104109204306215,0.1356438237480906,0.03153461944187559,0.18479836019920268,0.1815616355532347,0.1885424171743126,0.006980781621077903,0.2888433929835203,0.2428571428571428,0.3736730360934182,0.13081589323627538
CONCH,MHIST,0.5,3,0.8344723572843509,0.8240725733837565,0.8424365207995678,0.018363947415811266,0.11280729595687407,0.1058309581814419,0.12087216073584932,0.015041202554407412,0.17280955867797043,0.17096796144410256,0.1750655372072538,0.004097575763151229,0.45943921893629674,0.4491362763915547,0.4647619047619047,0.01562562837035003
CONCH,MHIST,1.0,3,0.8509814514676751,0.8509814514676751,0.8509814514676751,0.0,0.09174233457362387,0.0917423345736237,0.091742334573624,3.0531133177191805e-16,0.1614328003666552,0.1614328003666546,0.1614328003666556,9.992007221626409e-16,0.6023294509151415,0.6023294509151415,0.6023294509151415,0.0
CONCH,PCam,0.01,3,0.9535609796313743,0.9529009896969368,0.9544959171500057,0.001594927453068884,0.05305816204743676,0.0462691230065578,0.05841617204396251,0.012147049037404711,0.08798928212402087,0.0875974587506159,0.08864544409545978,0.001047985344843877,0.875311658837303,0.8738588144528738,0.8768444586394123,0.002985644186538461
CONCH,PCam,0.05,3,0.9576230207713744,0.9569015498763921,0.9580526685140311,0.0011511186376390592,0.03696480842753403,0.0338983142208755,0.0398424578631206,0.005944143642245103,0.08186070299838573,0.0811560375961668,0.0830443579993917,0.0018883204032248968,0.8823899911672314,0.8801569182288821,0.883829650976625,0.003672732747742935
CONCH,PCam,0.1,3,0.9599981483317017,0.9595375694980509,0.9607029932530474,0.0011654237549965085,0.032284310553740765,0.0312687315124494,0.0337817173817647,0.0025129858693152957,0.07873155067983784,0.0781310175053155,0.0791485915490548,0.001017574043739311,0.8875778562994824,0.8869009584664537,0.888689981458986,0.001789022992532363
CONCH,PCam,0.25,3,0.9628551869835859,0.9626578024410916,0.9631792761228404,0.0005214736817488186,0.03394442570947747,0.0326646339457188,0.0346337148364188,0.001969080890699998,0.0759435726534769,0.0753894182441902,0.0763249611729701,0.0009355429287798978,0.8908768726956248,0.8896012309270419,0.8925329241784938,0.002931693251451928
CONCH,PCam,0.5,3,0.9647091873142255,0.9643738502797436,0.9648972313104732,0.000523381030729575,0.03491870538205754,0.0345764949191472,0.0351968394859879,0.0006203445668407012,0.07431571564428942,0.0740701733449476,0.0745233984394233,0.0004532250944756927,0.8924782452527599,0.8920549351816197,0.8929132343985384,0.000858299216918712
CONCH,PCam,1.0,3,0.9657347251512167,0.9657307949692345,0.9657399368332956,9.141864061090743e-06,0.03810250608683203,0.0380954274516518,0.0381078371618146,1.2409710162801513e-05,0.07351179534229184,0.0735045515567103,0.0735172799107778,1.2728354067501058e-05,0.8933286223621236,0.8933286223621236,0.8933286223621236,0.0
CONCH,SPIDER-Breast,0.01,3,0.9686946707525999,0.9680832224126544,0.9696770791517487,0.0015938567390942904,0.30678602032173,0.2918061831233645,0.3211431819390565,0.029336998815692017,0.0310101747025041,0.030041246024385,0.0319398274435708,0.0018985814191858005,0.6027719095000138,0.5872900029968143,0.6105738617046588,0.02328385870784444
CONCH,SPIDER-Breast,0.05,3,0.9786238878302208,0.9784036488606568,0.9790121736553216,0.0006085247946647776,0.184482178930184,0.17930259477756602,0.18837634046719667,0.009073745689630652,0.02095228802632727,0.0207455448722594,0.021079962023694204,0.00033441715143480225,0.712682136588329,0.7100214308893644,0.7150202425373146,0.00499881164795013
CONCH,SPIDER-Breast,0.1,3,0.9817240033097008,0.9816172976422642,0.9818559656736466,0.00023866803138239412,0.13776778488785904,0.1352327509247966,0.1419283217043787,0.006695570779582077,0.01850899166801907,0.018330817972057,0.0187252772081625,0.0003944592361054995,0.7362999993740512,0.7294018774419309,0.7422668824411258,0.012865004999194962
CONCH,SPIDER-Breast,0.25,3,0.9848903041541176,0.9847756982626331,0.9851187178538834,0.00034301959125027093,0.09093235041633903,0.0880616046139087,0.09304236417616958,0.004980759562260878,0.016244058797977464,0.0160426677577936,0.0163826488497437,0.00033998109195009993,0.7585797888338761,0.754093256812639,0.7625757218754728,0.0084824650628339
CONCH,SPIDER-Breast,0.5,3,0.9868259652619621,0.9867524833209628,0.9868883227449042,0.00013583942394146398,0.06593301838262873,0.0650464422337056,0.0667891015661491,0.001742659332443497,0.0149756608274034,0.0149052867212223,0.0150183410980797,0.00011305437685739904,0.7717374508443869,0.7707472405609957,0.7728651173360261,0.0021178767750303917
CONCH,SPIDER-Breast,1.0,3,0.9883801615527487,0.9883801326713376,0.9883802052801963,7.260885870330469e-08,0.04580483432303867,0.0458046522364595,0.0458050070499541,3.548134945990933e-07,0.013898716508673333,0.0138987007337561,0.0138987336368095,3.2903053399924165e-08,0.7828783075707056,0.7828783075707056,0.7828783075707056,0.0
GigaPath,BRACS,0.01,3,0.7360244907734259,0.7244782759358781,0.7542515607975714,0.029773284861693283,0.0800929291580152,0.0355608049312033,0.12448887041826921,0.08892806548706592,0.11763523894781114,0.1166886861232699,0.11895185543360702,0.0022631693103371264,0.2064374283664083,0.1760237070761971,0.2485954835108494,0.07257177643465229
GigaPath,BRACS,0.05,3,0.836150054456294,0.8176101933462226,0.8493784976185509,0.03176830427232824,0.1220474715639474,0.05956567003067129,0.1997335467142539,0.1401678766835826,0.09904180613767587,0.0958156786689351,0.1028297017095736,0.007014023040638501,0.42037494258214164,0.3646371962146177,0.4970122866484428,0.13237509043382512
GigaPath,BRACS,0.1,3,0.8580941284023192,0.8533198101464506,0.8622398274049993,0.00892001725854863,0.10832126469280896,0.08772350404103262,0.1488752444692541,0.06115174042822148,0.09055078189337311,0.0887412840154307,0.091830070797688,0.0030887867822572967,0.47896782186337017,0.45560281163507305,0.5222800458963264,0.06667723426125333
GigaPath,BRACS,0.25,3,0.8798479534968386,0.8756794924984558,0.8845532455382513,0.00887375303979554,0.11307314442037027,0.10011690321971829,0.1222424026246825,0.022125499404964208,0.08176388947391737,0.0811446016585843,0.0825698726374672,0.0014252709788829115,0.5527208888774356,0.5382827463793161,0.5677737312271777,0.029490984847861612
GigaPath,BRACS,0.5,3,0.8904622952750086,0.8870519736413315,0.8926507385575704,0.005598764916238896,0.08962979971846356,0.0807111620577997,0.1064599289126333,0.0257487668548336,0.07679966593344593,0.0758518330265389,0.0774567628568203,0.0016049298302813902,0.5900896067285405,0.5810629563678793,0.6068993807434305,0.025836424375551226
GigaPath,BRACS,1.0,3,0.8982040556571903,0.8982040556571903,0.8982040556571903,0.0,0.06602987302655261,0.06602987302655,0.0660298730265546,4.593547764386585e-15,0.0733907139404717,0.0733907139404706,0.0733907139404726,1.9984014443252818e-15,0.6049751109795717,0.6049751109795717,0.6049751109795717,0.0
GigaPath,CRC,0.01,3,0.9992712453783247,0.9992490914165696,0.9993149240197546,6.583260318504536e-05,0.24097982420420128,0.2401875941940073,0.2420539582058723,0.0018663640118650182,0.012741735477339167,0.012611077605609098,0.0128390443033855,0.00022796669777640222,0.9812874400984466,0.9801660937384772,0.9832203117123232,0.003054217973845974
GigaPath,CRC,0.05,3,0.999493695779451,0.9994615655229274,0.9995544515581084,9.288603518098348e-05,0.0833177400560494,0.0824426659139206,0.0846875977058001,0.002244931791879498,0.004018188561450367,0.0039599023828455,0.0041007743978398,0.0001408720149943003,0.9871240719533203,0.9869341435519016,0.9873946630842556,0.0004605195323540423
GigaPath,CRC,0.1,3,0.9996099808056731,0.999549521565754,0.9996839808543054,0.00013445928855138067,0.051213561968420564,0.0510248845295675,0.0513506297031771,0.0003257451736096012,0.0027720663544488332,0.0027623078141550002,0.002778806115429,1.6498301273999878e-05,0.9885960748971585,0.9883666979964482,0.9887684652513554,0.0004017672549072593
GigaPath,CRC,0.25,3,0.9997853633724746,0.99975109711905,0.999827979482348,7.688236329805864e-05,0.027407325547043032,0.0267688712979207,0.0277467761742214,0.0009779048763006969,0.0019024534464713002,0.0018987029956699,0.0019075841458777,8.881150207800054e-06,0.9906224326701687,0.9904754964298835,0.9907131656617908,0.00023766923190726708
GigaPath,CRC,0.5,3,0.9998594607954102,0.9998522593255249,0.9998710462840642,1.878695853929635e-05,0.017500240324032867,0.0172758795460693,0.0179071670647592,0.0006312875186899013,0.0014582833316691332,0.0014537012923768,0.0014606839319092,6.982639532399906e-06,0.9921848601346887,0.992122024275035,0.992238878101609,0.00011685382657400378
GigaPath,CRC,1.0,3,0.9999000489102977,0.9999000489102977,0.9999000489102977,0.0,0.011179249104720235,0.011179249081550999,0.011179249117764698,3.6213698706433206e-11,0.0010984890146142668,0.0010984890132809,0.001098489015365,2.0841000366450535e-12,0.9938646935718864,0.9938646935718864,0.9938646935718864,0.0
GigaPath,LungHist700,0.01,3,0.6407703812280728,0.6240874319142768,0.6496078434053717,0.025520411491094852,0.1479376293169822,0.09820623940660482,0.18042340204726207,0.08221716264065725,0.12004591611643654,0.1194515934922981,0.1204966127739579,0.0010450192816598008,0.30310406584621535,0.2815207668148845,0.3299442328765637,0.04842346606167919
GigaPath,LungHist700,0.05,3,0.7596100642108946,0.7325478498751824,0.8065602864331044,0.074012436557922,0.16126545602793604,0.1509047213237537,0.1756596744663106,0.02475495314255688,0.11829831540236786,0.11426748339658528,0.1225398419498885,0.008272358553303216,0.17388541137358812,0.09875158854750692,0.2489795918367347,0.1502280032892278
GigaPath,LungHist700,0.1,3,0.8230441350701031,0.7987724604283976,0.8390312501331737,0.04025878970477614,0.13493278993475266,0.11464396896241309,0.1624292492181049,0.0477852802556918,0.11136929576496046,0.11111034510799171,0.1118465937208012,0.0007362486128094925,0.24069966787166955,0.22110462222024077,0.2533429398657754,0.032238317645534614
GigaPath,LungHist700,0.25,3,0.9175308369633576,0.8945049552153298,0.9373879411721721,0.04288298595684226,0.2245354700671254,0.1964342194207762,0.2554142910518003,0.05898007163102409,0.09755753480155037,0.0971334822975405,0.0980307906363083,0.0008973083387678049,0.4821139062649778,0.4604535147392291,0.5209910050976913,0.060537490358462176
GigaPath,LungHist700,0.5,3,0.9456523765205027,0.9390093470171313,0.9555667917165228,0.016557444699391466,0.30319880483481093,0.2535672566510306,0.3686422252037918,0.11507496855276123,0.0819274062781634,0.0799399500107607,0.0830079904370787,0.0030680404263180028,0.6445001742624025,0.5917800543771686,0.7121513237891138,0.1203712694119452
GigaPath,LungHist700,1.0,3,0.96452289514029,0.96452289514029,0.96452289514029,0.0,0.31209289068839147,0.3120928906883912,0.3120928906883917,4.996003610813204e-16,0.0643905581266082,0.0643905581266082,0.0643905581266082,0.0,0.7248092894377723,0.7248092894377723,0.7248092894377723,0.0
GigaPath,MHIST,0.01,3,0.6573338735818476,0.6449306681073292,0.6738474698361245,0.028916801728795294,0.1671562241366007,0.1433439086208201,0.2010302679308633,0.05768635931004318,0.24861024119421685,0.23429511108473253,0.2617579734975475,0.027462862412814953,0.0,0.0,0.0,0.0
GigaPath,MHIST,0.05,3,0.8378549132600996,0.8366288492706643,0.8389023951017469,0.002273545831082635,0.17747063403439797,0.1646631170355047,0.2019739908197521,0.037310873784247384,0.21032551946731295,0.2061060351714967,0.2186484953253489,0.012542460153852214,0.0,0.0,0.0,0.0
GigaPath,MHIST,0.1,3,0.843563539228045,0.8425040518638575,0.8449936971006662,0.002489645236808724,0.1548057134318103,0.142220346002596,0.1649514497040295,0.022731103701433497,0.1931052303730962,0.18642110158112332,0.20267019897678398,0.01624909739566066,0.0936100615729079,0.0,0.1662468513853904,0.1662468513853904
GigaPath,MHIST,0.25,3,0.860198691398043,0.8534936070592473,0.8721411849450748,0.018647577885827493,0.11817901770518156,0.1106766276749749,0.131585985443702,0.020909357768727113,0.1670694849433367,0.1656547216700299,0.1679888366274388,0.0023341149574089004,0.5279255018378303,0.5193798449612403,0.5353159851301115,0.015936140168871127
GigaPath,MHIST,0.5,3,0.8746833543429977,0.8691202953358544,0.878309022150189,0.00918872681433458,0.10407205277090216,0.0975457098951072,0.107618125427669,0.010072415532561801,0.15338164677540989,0.1527333295933335,0.1540741787107459,0.0013408491174124182,0.6491797375551908,0.6442953020134228,0.6542372881355932,0.009941986122170454
GigaPath,MHIST,1.0,3,0.8868359445344859,0.8868359445344859,0.8868359445344859,0.0,0.0826854753853367,0.0826854753853362,0.0826854753853372,9.992007221626409e-16,0.14085708184015788,0.1408570818401572,0.1408570818401587,1.4988010832439613e-15,0.7111801242236023,0.7111801242236023,0.7111801242236023,0.0
GigaPath,PCam,0.01,3,0.9820793486705227,0.9811973015914403,0.9827876469366056,0.0015903453451653338,0.07295321771448925,0.070285709577231,0.0755089982954012,0.0052232887181701965,0.052058899054812736,0.05175552323020951,0.0522735611134093,0.00051803788319979,0.9344173344632426,0.9336026417876951,0.9351188954231654,0.001516253635470255
GigaPath,PCam,0.05,3,0.9828145013175056,0.9822795172471416,0.9835935726615976,0.0013140554144560612,0.03842978700501783,0.0381134849141875,0.0387991604830267,0.0006856755688392016,0.04765995785842266,0.046784362534715206,0.048458838232368996,0.0016744756976537906,0.9345013157223988,0.9334868989346387,0.9359961655216488,0.002509266587010117
GigaPath,PCam,0.1,3,0.9827219613643093,0.982144825626524,0.9832681498681728,0.0011233242416487377,0.0314272206209818,0.0306740398915106,0.0321399668317071,0.0014659269401964964,0.04767570508769814,0.0470234907207892,0.0485368900925398,0.0015133993717506011,0.9339113133490301,0.9333631770800026,0.9348964988499872,0.0015333217699845525
GigaPath,PCam,0.25,3,0.9819819273443811,0.9812352138777282,0.9826195767088208,0.001384362831092667,0.0359821872578931,0.0346907375842194,0.037618386490626,0.0029276489064066005,0.04979829208712883,0.0487294091925051,0.05113777152971569,0.00240836233721059,0.9315349262721666,0.930884144386741,0.9324527938960664,0.0015686495093253372
GigaPath,PCam,0.5,3,0.9817590431851388,0.981108572610915,0.9823645954425079,0.0012560228315928734,0.03709032908040833,0.0322672427212885,0.0404350563601837,0.008167813638895197,0.0501795647941948,0.0476781106732719,0.0515012780271856,0.0038231673539136993,0.9317703196318594,0.9301146030625022,0.9349399126581877,0.004825309595685501
GigaPath,PCam,1.0,3,0.9799245745550996,0.9799245745550996,0.9799245745550996,0.0,0.04172972250360069,0.0417297225035731,0.0417297225036214,4.8301640465098217e-14,0.052930978182767964,0.0529309781827518,0.0529309781827803,2.849803726334699e-14,0.9310798242519484,0.9310798242519484,0.9310798242519484,0.0
GigaPath,SPIDER-Breast,0.01,3,0.9867169179380566,0.9857969541979456,0.9875196802451892,0.0017227260472436612,0.4202344123762171,0.4069468165526597,0.4371957028313789,0.03024888627871919,0.02690027938601437,0.025279932333964705,0.0284752216362662,0.003195289302301497,0.7504244623807749,0.7352859410960718,0.7650988373517652,0.02981289625569339
GigaPath,SPIDER-Breast,0.05,3,0.9928523400879774,0.992438556898672,0.9930958251766177,0.0006572682779456551,0.21638897432651047,0.2109213707797755,0.21980013053882183,0.00887875975904634,0.013933067911174999,0.0135849697770109,0.0141558553508159,0.0005708855738050002,0.8332805628134953,0.8325642991053965,0.8340656993197579,0.0015014002143614036
GigaPath,SPIDER-Breast,0.1,3,0.9936083435155242,0.9933013585952585,0.9938338966573058,0.0005325380620473386,0.14560984155485873,0.1452206114105222,0.1459326582240581,0.0007120468135358993,0.011525654367778334,0.0113868122973776,0.0116094288511104,0.00022261655373280106,0.8416769111362606,0.8400606368521815,0.8438158633124546,0.0037552264602731533
GigaPath,SPIDER-Breast,0.25,3,0.9943848103738807,0.9943318443818697,0.9944803885482072,0.00014854416633747203,0.08291529837605989,0.0791192379351437,0.0849790850269378,0.0058598470917941015,0.009665494167077399,0.0095601105991684,0.0097842945281044,0.00022418392893599863,0.8528682070725715,0.8502890065749652,0.8560249007466564,0.00573589417169118
GigaPath,SPIDER-Breast,0.5,3,0.9947299397318584,0.9946760053380334,0.9948161259390846,0.00014012060105128565,0.05014697254743137,0.0491820355866589,0.0511711437153888,0.001989108128729898,0.0088232432789521,0.0087799028625433,0.0088553166826191,7.541382007580054e-05,0.8615051859137791,0.8611633692353285,0.8621052133366124,0.0009418441012838397
GigaPath,SPIDER-Breast,1.0,3,0.9948217291381395,0.9948216903999246,0.9948217828402108,9.244028620347677e-08,0.02535442604734463,0.0253532725367183,0.025355243365188,1.970828469699537e-06,0.008397054064907665,0.0083970071987707,0.0083970870762002,7.987742950063548e-08,0.8661501256911345,0.8661501256911345,0.8661501256911345,0.0
H-Optimus-0,BRACS,0.01,3,0.7207285445570522,0.7127573176309276,0.7352105866924769,0.022453269061549208,0.07943350677041762,0.0526432185264536,0.1044406022014035,0.0517973836749499,0.1182902132936791,0.1166390874486543,0.119120371461579,0.0024812840129247032,0.18052216192058101,0.1544187473802951,0.21740376769697436,0.06298502031667927
H-Optimus-0,BRACS,0.05,3,0.8270342340759141,0.8050772351246863,0.8465116299884791,0.041434394863792745,0.1276076992010814,0.0703538502354644,0.2130106318583143,0.1426567816228499,0.09937439316526227,0.09541194530364232,0.1030314312154646,0.00761948591182228,0.4316066932518545,0.3848254697746514,0.5025919208895652,0.1177664511149138
H-Optimus-0,BRACS,0.1,3,0.8562595524778431,0.8506934232573088,0.8614296813743162,0.010736258117007402,0.10116882836456703,0.077474644522073,0.1429783204314212,0.06550367590934819,0.09132783548427852,0.089089346865092,0.0929849664823152,0.003895619617223206,0.4725235097861913,0.44122945330792235,0.513841606331168,0.0726121530232457
H-Optimus-0,BRACS,0.25,3,0.8773947797003719,0.8752234151204087,0.8795586563816541,0.004335241261245404,0.09397960407801305,0.0747792107784374,0.10882750478698229,0.034048294008544894,0.08274542408214744,0.082020816786911,0.0835458364896622,0.001525019702751193,0.5533388730569603,0.5409334008855031,0.5613749944418434,0.020441593556340232
H-Optimus-0,BRACS,0.5,3,0.8875011211919898,0.8859191568188276,0.8899554965487496,0.004036339729922012,0.07598418519002546,0.0750431188683784,0.0767664425114888,0.001723323643110397,0.07793034635972097,0.0768327727325746,0.0786681049613178,0.0018353322287432,0.5752124536431965,0.548749336091097,0.5894231036161731,0.04067376752507612
H-Optimus-0,BRACS,1.0,3,0.8956033932491522,0.8956033932491522,0.8956033932491522,0.0,0.05696337787141823,0.0569633778711503,0.0569633778718495,6.991976442272119e-13,0.07393046418589057,0.0739304641858331,0.0739304641859834,1.5029644195863057e-13,0.5853666534551226,0.5853666534551226,0.5853666534551226,0.0
H-Optimus-0,CRC,0.01,3,0.9994428578949804,0.9993747965760306,0.9995115536499352,0.00013675707390459202,0.23021699300034473,0.2279596163668347,0.23164462973139446,0.0036850133645597583,0.011834831966963466,0.0118135043950821,0.0118727341279964,5.9229732914299615e-05,0.9846849400801031,0.9832903472221456,0.985893352567984,0.0026030053458384605
H-Optimus-0,CRC,0.05,3,0.9996359778754691,0.9995952967547893,0.9996612889583784,6.599220358904923e-05,0.0791826958185776,0.0789289429256265,0.0793648712725468,0.00043592834692030014,0.003520786536384633,0.0034501456975477,0.0036045388174115,0.00015439311986379994,0.9901356402937099,0.9896454933200541,0.9908080827127388,0.0011625893926846542
H-Optimus-0,CRC,0.1,3,0.9997273597867785,0.9996990480219692,0.9997761275632048,7.70795412355918e-05,0.0484730869663228,0.047849659148356295,0.04889820290315391,0.0010485437547976123,0.002332527992885133,0.0023043427210156,0.0023479038940204,4.356117300479984e-05,0.9915074189057004,0.9911093513273236,0.9919190562569974,0.0008097049296738046
H-Optimus-0,CRC,0.25,3,0.99987586601724,0.999863400216125,0.9998993362205434,3.593600441842426e-05,0.026647138978583066,0.025750189050465704,0.0278887136878179,0.0021385246373521946,0.0015137138795937334,0.0015097352398085,0.0015198217353581,1.0086495549599915e-05,0.9936802775223752,0.9934496030727592,0.9940670665493608,0.0006174634766016318
H-Optimus-0,CRC,0.5,3,0.9999291026385029,0.99992496203591,0.9999353528094947,1.0390773584778579e-05,0.0164495570760833,0.0163263810582124,0.0165210280715042,0.0001946470132917974,0.0010797057270163335,0.0010716358259464,0.0010875266054826,1.589077953619987e-05,0.9949346446133113,0.9948561214316448,0.9950420733504745,0.00018595191882964102
H-Optimus-0,CRC,1.0,3,0.999951537035037,0.999951537035037,0.999951537035037,0.0,0.011140957989430164,0.011140957989400102,0.0111409579894593,5.919743861770854e-14,0.0008209917594490666,0.0008209917594479,0.0008209917594502,2.2999180684935006e-15,0.9960615319115321,0.9960615319115321,0.9960615319115321,0.0
H-Optimus-0,LungHist700,0.01,3,0.6336078205463992,0.6183796914931499,0.659004492570417,0.04062480107726718,0.1328453119692891,0.0845291131646607,0.1624732310330564,0.07794411786839568,0.12039200474848112,0.1198809159243333,0.1207301711110567,0.0008492551867234077,0.2854809003460453,0.2549433653207238,0.3323308244606419,0.07738745913991807
H-Optimus-0,LungHist700,0.05,3,0.7431846046330808,0.7270364392075163,0.7610725786488318,0.03403613944131556,0.14718026035978318,0.1157005979955464,0.17254977595606022,0.05684917796051382,0.11856037771863766,0.1148908722855429,0.1230673924621803,0.008176520176637406,0.14148757590491742,0.0662380282633447,0.2005235755235755,0.1342855472602308
H-Optimus-0,LungHist700,0.1,3,0.8142401688358992,0.7758858134094714,0.8347294465436687,0.05884363313419727,0.09827481450988702,0.0680793490342601,0.1236173132626079,0.055537964228347794,0.1117657214748851,0.1117204201032253,0.1118174968622454,9.707675902009827e-05,0.2779208471409207,0.2586575586575587,0.2943645784953874,0.0357070198378287
H-Optimus-0,LungHist700,0.25,3,0.9123798347188051,0.9043358970484899,0.9246099572231333,0.020274060174643393,0.21058394055557753,0.1838105572724141,0.23381537463174787,0.050004817359333764,0.09874530610100511,0.0982800046692844,0.0992288983584761,0.0009488936891917099,0.48351118692893297,0.4641374203533913,0.5119008877868944,0.04776346743350307
H-Optimus-0,LungHist700,0.5,3,0.9438361454465874,0.9356438921283052,0.9506188015710645,0.014974909442759254,0.3321239380909021,0.2773667471727532,0.384887015922619,0.10752026874986575,0.08410777847847567,0.0821660803350097,0.0852338271626783,0.0030677468276685965,0.663578237378442,0.6273623459045453,0.7063574202184967,0.07899507431395136
H-Optimus-0,LungHist700,1.0,3,0.9637720379268856,0.9637720379268856,0.9637720379268856,0.0,0.3144088020647316,0.3144088020647287,0.3144088020647347,5.995204332975845e-15,0.06743530671422024,0.0674353067142196,0.0674353067142209,1.304512053934559e-15,0.7366257873884082,0.7366257873884082,0.7366257873884082,0.0
H-Optimus-0,MHIST,0.01,3,0.6592142385497328,0.6091662164595714,0.7055600576265082,0.09639384116693683,0.1485376985507529,0.1072130980954612,0.1943630496884653,0.0871499515930041,0.24837145659742044,0.2342844575910068,0.2621076859887179,0.02782322839771112,0.0,0.0,0.0,0.0
H-Optimus-0,MHIST,0.05,3,0.7930908217780178,0.7553169457950656,0.8203268503511615,0.0650099045560959,0.1622728937653742,0.1492429917812879,0.1815808591801633,0.032337867398875425,0.21139487981835406,0.20536132628953094,0.21839063018205093,0.013029303892519994,0.0,0.0,0.0,0.0
H-Optimus-0,MHIST,0.1,3,0.8093898193168858,0.7919277867819196,0.8278408067711146,0.03591301998919505,0.1326314340404767,0.1181751310419777,0.1581032702115516,0.0399281391695739,0.19656789264887523,0.1881145975697315,0.2071385367618659,0.01902393919213438,0.10201184206221987,0.0,0.181360201511335,0.181360201511335
H-Optimus-0,MHIST,0.25,3,0.8409433339336094,0.8223752926346121,0.8603457590491624,0.037970466414550375,0.0993575541720521,0.087542222355174,0.1152882470884648,0.027746024733290797,0.17205850522461738,0.1684429154128777,0.1757311041788521,0.007288188765974396,0.5111889956040896,0.49335863377609107,0.5353159851301115,0.0419573513540204
H-Optimus-0,MHIST,0.5,3,0.8673419773095624,0.8575589771294797,0.8731226364127499,0.015563659283270193,0.10169212586305604,0.0883745608444585,0.1101359019522317,0.02176134110777321,0.1565970761876325,0.1551515059682624,0.1587393229612297,0.0035878169929672854,0.6316084521981523,0.6205733558178752,0.6390728476821192,0.018499491864244044
H-Optimus-0,MHIST,1.0,3,0.8848370250315144,0.8848370250315144,0.8848370250315144,0.0,0.08425990515623671,0.0842599051562052,0.08425990515625452,4.932165786897258e-14,0.14257676565098568,0.1425767656509438,0.1425767656510093,6.550315845288424e-14,0.6956521739130435,0.6956521739130435,0.6956521739130435,0.0
H-Optimus-0,PCam,0.01,3,0.9824128230595153,0.9812348525245032,0.9835686132120416,0.002333760687538433,0.07112506444229404,0.06607849534878,0.0757489598198734,0.00967046447109339,0.0562480670499031,0.0551721098316915,0.05696382835588879,0.0017917185241972944,0.9246436902803206,0.9237581825182904,0.9261067917496627,0.002348609231372256
H-Optimus-0,PCam,0.05,3,0.9850574990156447,0.9844105923031234,0.9856753881949708,0.001264795891847359,0.04088843169298784,0.0403008614939592,0.0420134280268237,0.0017125665328645012,0.04739787758870214,0.0463126020725362,0.048147963546585494,0.0018353614740492935,0.9346884582047315,0.9338159917990773,0.9362502790445516,0.0024342872454743425
H-Optimus-0,PCam,0.1,3,0.9851521685935168,0.9839958631090718,0.9857700366628608,0.0017741735537889491,0.03336021994003463,0.0326318112551732,0.0344747431812907,0.0018429319261175012,0.046003297222589896,0.0450631030386957,0.04751125359185019,0.0024481505531544906,0.9369950638156149,0.9349154060191256,0.9387872218325576,0.003871815813431989
H-Optimus-0,PCam,0.25,3,0.9844852620354958,0.9829587942547384,0.9855790856978862,0.002620291443147793,0.03318886129634463,0.0314054033934616,0.035010442561612,0.0036050391681504007,0.04571478511982843,0.0444069093885906,0.0473706325314239,0.002963723142833302,0.9382758379074579,0.935024177794857,0.9411502877309,0.006126109936043012
H-Optimus-0,PCam,0.5,3,0.9838229177171599,0.983205822024812,0.9841448598470469,0.0009390378222349227,0.0350779022196514,0.0340732437273481,0.0357242308069138,0.0016509870795657008,0.046041563545705565,0.0454077743237773,0.0466529729482488,0.0012451986244714983,0.9380131672796742,0.9371706008240968,0.9391792711723784,0.0020086703482816715
H-Optimus-0,PCam,1.0,3,0.9821887579830332,0.9821887579830332,0.9821887579830332,0.0,0.03658758185525934,0.0365875818552591,0.0365875818552597,5.967448757360216e-16,0.04755152466286087,0.0475515246628607,0.04755152466286109,3.885780586188048e-16,0.9361389146493556,0.9361389146493556,0.9361389146493556,0.0
H-Optimus-0,SPIDER-Breast,0.01,3,0.9915489297147492,0.9911188458427994,0.992271774634864,0.0011529287920646336,0.4581944471749553,0.4460332926647464,0.4683887937763036,0.022355501111557208,0.026021036601023003,0.024753890978143,0.0275388047216511,0.002784913743508099,0.8113760755702065,0.8045314226296642,0.8236002673024049,0.019068844672740726
H-Optimus-0,SPIDER-Breast,0.05,3,0.9947058743737749,0.9945376860359504,0.995007813264936,0.0004701272289856506,0.2219364945728258,0.2158522700090516,0.2279178572004155,0.012065587191363886,0.012249516133427667,0.0119332156623603,0.012517471498323501,0.0005842558359632002,0.8697182455172902,0.8667045976716606,0.8732205945752551,0.006515996903594501
H-Optimus-0,SPIDER-Breast,0.1,3,0.9950410104608189,0.9948891231348388,0.9952318435793344,0.00034272044449557004,0.144608284259755,0.1429711876176699,0.1461714104739948,0.0032002228563249024,0.009900906823857133,0.0097139109450741,0.0101426573052549,0.0004287463601808008,0.873157165095139,0.8704795318896283,0.8750973655749815,0.004617833685353179
H-Optimus-0,SPIDER-Breast,0.25,3,0.9954659605957744,0.9953388683991321,0.9956489672723775,0.0003100988732454013,0.0824090741446638,0.080157451440119,0.0854080806162247,0.005250629176105692,0.008154295141431834,0.0080485395555441,0.0082711084948533,0.00022256893930919924,0.8823723597219916,0.8814358254621325,0.883465658885111,0.0020298334229784665
H-Optimus-0,SPIDER-Breast,0.5,3,0.9956376125144414,0.9955660243588836,0.9957193259285044,0.00015330156962078956,0.048573948516994564,0.0474142038690564,0.0498977057168041,0.0024835018477477044,0.007468180980130066,0.0074558072533394,0.0074863090215962,3.050176825679981e-05,0.8866450711224388,0.8862407396169886,0.8873926583556754,0.001151918738686808
H-Optimus-0,SPIDER-Breast,1.0,3,0.9956255660731292,0.9956255660731292,0.9956255660731292,0.0,0.025403966022288033,0.0254039658961453,0.0254039660964908,2.003455006061028e-10,0.007227539705081866,0.0072275397021735995,0.0072275397068213,4.647700627136153e-12,0.8881088143746657,0.8881088143746657,0.8881088143746657,0.0
MIDNIGHT,BRACS,0.01,3,0.7503080232517382,0.7361375994617706,0.7660045027242203,0.029866903262449673,0.06074622851495117,0.030564250426539197,0.1154114638456492,0.08484721341911,0.11535863953618138,0.11192985916994598,0.11835691638099739,0.006427057211051412,0.22055824896038412,0.1762720847925449,0.2588825539057994,0.08261046911325451
MIDNIGHT,BRACS,0.05,3,0.8220805707614414,0.8176330647309012,0.8249351098326981,0.0073020451017968835,0.10747262563595088,0.088150968090824,0.1252003398841188,0.0370493717932948,0.09735119876241594,0.0955839794717173,0.098943930355808,0.00335995088409069,0.40918744056638406,0.3496429250990451,0.4504735482643587,0.1008306231653136
MIDNIGHT,BRACS,0.1,3,0.8446478696257359,0.8402568663902154,0.8481964350190342,0.007939568628818838,0.08963551409057373,0.0825817710287932,0.09931028065589502,0.016728509627101817,0.09086678410672544,0.0891220921759106,0.0924855496694943,0.003363457493583688,0.4313907548655549,0.38457922152104446,0.4551575958355758,0.07057837431453134
MIDNIGHT,BRACS,0.25,3,0.8717992549102608,0.8655268430507218,0.8788966421920644,0.01336979914134262,0.07710789435421507,0.0640712566604444,0.097889433853021,0.0338181771925766,0.0840898500256972,0.0835295212035262,0.0850793115298231,0.0015497903262969015,0.5069173136876346,0.48586255096679515,0.5423214553873691,0.05645890442057394
MIDNIGHT,BRACS,0.5,3,0.8838721150319424,0.881436048294315,0.8869894181330599,0.0055533698387448815,0.07131363595345556,0.0558612475122608,0.0835465068592189,0.027685259346958098,0.0794040267033414,0.0787430345112636,0.0801931867379379,0.0014501522266743005,0.5312603329641729,0.5246255901618299,0.5431082914786929,0.018482701316863026
MIDNIGHT,BRACS,1.0,3,0.8920914360615791,0.8920914360615791,0.8920914360615791,0.0,0.07196549473380577,0.0719654947297257,0.0719654947396286,9.902897946112432e-12,0.07579110779181551,0.0757911077910146,0.0757911077929581,1.9435009157575678e-12,0.5613119866447086,0.5613119866447086,0.5613119866447086,0.0
MIDNIGHT,CRC,0.01,3,0.9982130293305681,0.9980883087845034,0.9982938508498438,0.00020554206534040276,0.17792389662372765,0.1762276834041994,0.1793510451715402,0.003123361767340821,0.011946522002907932,0.0118317846715501,0.0120483944619333,0.0002166097903831994,0.9623127061978082,0.9619810934186163,0.9629666132015764,0.0009855197829601314
MIDNIGHT,CRC,0.05,3,0.9988288273663506,0.9987719874694604,0.998889332662352,0.00011734519289163803,0.06602356971427403,0.0643022388710877,0.0672722349451477,0.0029699960740599968,0.005689685043475934,0.0056673295692755,0.0057278373695451,6.050780026960016e-05,0.9746426542442945,0.9740855788580136,0.9751882531119406,0.0011026742539269607
MIDNIGHT,CRC,0.1,3,0.9991015180717374,0.9990790216070145,0.9991164027128697,3.738110585527199e-05,0.043250148231093966,0.0421672964861163,0.04383701597560089,0.0016697194894845918,0.004489197323320566,0.004479364012335,0.0045014540934759,2.2090081140900206e-05,0.978565960661419,0.9781623774150576,0.9790304116537968,0.0008680342387391571
MIDNIGHT,CRC,0.25,3,0.9994324568158645,0.9994175646725928,0.9994468452036637,2.928053107087436e-05,0.025302432662578433,0.0246360432693993,0.0265032403113496,0.0018671970419502984,0.0034379480142695,0.0034244069219945,0.0034578206052851995,3.341368329069956e-05,0.9824359967242421,0.9819173671550008,0.982733217662877,0.0008158505078762479
MIDNIGHT,CRC,0.5,3,0.9995833658604076,0.9995548320811748,0.9996014998812228,4.666780004802806e-05,0.017229255190012567,0.0166517944326502,0.0175190449921629,0.0008672505595127,0.0028402462834458005,0.0028001605512422,0.0028962657407395,9.610518949729977e-05,0.984907809723644,0.984342833967622,0.985522817598332,0.0011799836307100353
MIDNIGHT,CRC,1.0,3,0.9996967099917168,0.9996967099917168,0.9996967099917168,0.0,0.012732123665626668,0.0127321236647598,0.012732123666239098,1.479297587203554e-12,0.0023553849658045334,0.002355384965763,0.0023553849658642,1.0120029814153497e-13,0.9875221124604631,0.9875221124604631,0.9875221124604631,0.0
MIDNIGHT,LungHist700,0.01,3,0.7447001165373779,0.7294678850185808,0.7585723048605376,0.029104419841956775,0.2072079805457051,0.1860806608654356,0.2414231781328289,0.05534251726739331,0.1176611816697369,0.11674295958526489,0.1181688214432934,0.0014258618580285098,0.3675070373051786,0.3393926610504641,0.400326296510507,0.06093363546004288
MIDNIGHT,LungHist700,0.05,3,0.8213208859711351,0.8091824322766478,0.8384319237790386,0.029249491502390867,0.15507004651966208,0.1352493439487418,0.1807887727083313,0.045539428759589495,0.11043010512914873,0.1065903562549461,0.11409959637759388,0.007509240122647781,0.24098358766807607,0.2132832080200501,0.2560672739866368,0.04278406596658671
MIDNIGHT,LungHist700,0.1,3,0.8584712808443572,0.8343943586383015,0.8773740642106941,0.04297970557239261,0.1441034064663601,0.1258051238902867,0.1579647005380526,0.03215957664776589,0.10022682360069024,0.100142283379681,0.1003735335014541,0.00023125012177310778,0.3539902090230589,0.3162234590806019,0.3791997476208003,0.06297628854019838
MIDNIGHT,LungHist700,0.25,3,0.9131852140775747,0.9035601601490896,0.9273483601638001,0.023788200014710492,0.18306072486348532,0.1411629472975864,0.2114820699381579,0.0703191226405715,0.08663689927432716,0.0842897676316539,0.0880453973091664,0.003755629677512501,0.5100710188203686,0.4847140893938924,0.5520421871442684,0.06732809775037607
MIDNIGHT,LungHist700,0.5,3,0.9302623248507675,0.9289317710335444,0.9310232707869536,0.002091499753409165,0.17424885939688273,0.130286469782213,0.235268429471405,0.104981959689192,0.07559228051066867,0.0737811834740309,0.0774306282861869,0.003649444812155997,0.5932245994384681,0.5506023506023505,0.6556171488434929,0.10501479824114235
MIDNIGHT,LungHist700,1.0,3,0.9460658957717402,0.9460658957717402,0.9460658957717402,0.0,0.19460740867460422,0.194607408674604,0.19460740867460444,4.440892098500626e-16,0.0635498008839834,0.0635498008839834,0.0635498008839834,0.0,0.6808980555813701,0.6808980555813701,0.6808980555813701,0.0
MIDNIGHT,MHIST,0.01,3,0.5456119815114953,0.5030569061768413,0.5882585989555196,0.08520169277867828,0.1451791836178442,0.08956187655985841,0.1985567247211183,0.10899484816125989,0.2548797124781499,0.23914656465210413,0.2707719056312424,0.0316253409791383,0.0,0.0,0.0,0.0
MIDNIGHT,MHIST,0.05,3,0.613419172819497,0.5677021429857735,0.6407887628309021,0.07308661984512865,0.10129567019719055,0.0915441509126436,0.11598978342747861,0.024445632514835003,0.23641802696877925,0.2335891114960675,0.23896656871591002,0.0053774572198425075,0.0,0.0,0.0,0.0
MIDNIGHT,MHIST,0.1,3,0.6281049282670027,0.606856654060868,0.6643886187646316,0.05753196470376365,0.1016341757645014,0.0766527843443451,0.11520445920588569,0.0385516748615406,0.2303773971054206,0.2254322846269413,0.2372754809904908,0.011843196363549524,0.0,0.0,0.0,0.0
MIDNIGHT,MHIST,0.25,3,0.6729560597875022,0.6558121735998559,0.6823788942913739,0.026566720691517998,0.0791413340805211,0.0689698638673819,0.0981354894048957,0.029165625537513812,0.21785132715907277,0.21453810380719177,0.21961019651863753,0.005072092711445764,0.14173636486609867,0.11940298507462681,0.1542168674698795,0.034813882395252696
MIDNIGHT,MHIST,0.5,3,0.7118959721471877,0.7015397082658023,0.7170943634071674,0.015554655141365115,0.0855836198874425,0.0794934118817276,0.0940239624836719,0.014530550601944303,0.2092673529022457,0.2081707162128019,0.2099180519415046,0.001747335728702698,0.20637159131950658,0.1666666666666666,0.2292134831460674,0.0625468164794008
MIDNIGHT,MHIST,1.0,3,0.7383261300198093,0.7383261300198093,0.7383261300198093,0.0,0.0825294760265743,0.0825294760265743,0.0825294760265743,0.0,0.20108049278599638,0.2010804927859963,0.2010804927859965,1.942890293094024e-16,0.3037974683544304,0.3037974683544304,0.3037974683544304,0.0
MIDNIGHT,PCam,0.01,3,0.9449223017985352,0.9399750346644845,0.9519713954873325,0.01199636082284794,0.055578046874184495,0.05443072886400039,0.0562333164712455,0.0018025876072451097,0.09161374555754537,0.0872427838486754,0.0956907430648346,0.008447959216159207,0.868813587244477,0.8634865683565792,0.872714044776613,0.009227476420033742
MIDNIGHT,PCam,0.05,3,0.95444168063865,0.9522572556905656,0.9570412743651212,0.004784018674555579,0.051136851545961835,0.047771366435901,0.05362606500775121,0.0058546985718502115,0.0798971586179109,0.0775602472494158,0.0817151478560352,0.004154900606619397,0.8872466140431122,0.8845861556253097,0.8900275916436736,0.005441436018363888
MIDNIGHT,PCam,0.1,3,0.955762711039581,0.9550715304855443,0.9565403866413197,0.001468856155775411,0.050002900231721735,0.0494307436536584,0.050503308934214806,0.001072565280556409,0.07654309457994442,0.0762526978752976,0.0768029488107295,0.0005502509354318869,0.8932174370008976,0.8927066877303845,0.8941423693196743,0.00143568158928975
MIDNIGHT,PCam,0.25,3,0.9552695694374873,0.9539272067786498,0.9565612333696351,0.0026340265909852167,0.05247003726678127,0.0510328917726982,0.0532910844843415,0.002258192711643299,0.0755431587913225,0.074808488111265,0.0760182561440448,0.0012097680327797927,0.8965966418445365,0.8957711361175814,0.897467065278097,0.0016959291605156412
MIDNIGHT,PCam,0.5,3,0.9543999449620545,0.9531565334821872,0.9550542041572035,0.0018976706750163386,0.05377688632321834,0.05310026737936021,0.0543718740482049,0.0012716066688446895,0.07469051960333435,0.0737877684711067,0.0756323641187666,0.0018445956476599024,0.8994531638693513,0.8986931315711898,0.9003440930689824,0.0016509614977926468
MIDNIGHT,PCam,1.0,3,0.9534379270615373,0.9534379270615373,0.9534379270615373,0.0,0.05580040072967684,0.0558004007296557,0.0558004007297044,4.8704096311524836e-14,0.0740490950636449,0.0740490950636411,0.0740490950636492,8.104628079763643e-15,0.8996789201231898,0.8996789201231898,0.8996789201231898,0.0
MIDNIGHT,SPIDER-Breast,0.01,3,0.951962339260012,0.949732548300808,0.954694834050165,0.004962285749356976,0.2860622404627034,0.2627034837940392,0.3045282541902842,0.04182477039624499,0.03291616782933699,0.0317677827514154,0.0338147026912252,0.0020469199398098006,0.5759864961181406,0.5502538693706374,0.5987986309509361,0.048544761580298745
MIDNIGHT,SPIDER-Breast,0.05,3,0.974403519720398,0.9735719263623412,0.9753996092308168,0.0018276828684755664,0.19186140126236143,0.1861696602947146,0.195659126989057,0.009489466694342391,0.021561316789589068,0.0214104213869552,0.021787188215652602,0.00037676682869740297,0.6954809883364882,0.688345223915377,0.6995429563411998,0.011197732425822782
MIDNIGHT,SPIDER-Breast,0.1,3,0.9793800824035644,0.9790720965413454,0.9796703371899061,0.0005982406485607328,0.14882960676223803,0.1476245743618764,0.1505900187175151,0.0029654443556386967,0.01854700775473603,0.0184731468052253,0.0186941836540077,0.00022103684878239938,0.7290330731358344,0.7264959699927549,0.730809585247847,0.004313615255092107
MIDNIGHT,SPIDER-Breast,0.25,3,0.9846328331287859,0.9842711789496098,0.9849489221146404,0.0006777431650305532,0.10506982796665133,0.104078465791127,0.1065198655512901,0.002441399760163096,0.015496287805287765,0.0152436373785191,0.0157525340294272,0.0005088966509080983,0.7671010500427489,0.7620793141170741,0.7710459499496468,0.008966635832572734
MIDNIGHT,SPIDER-Breast,0.5,3,0.9871130219794043,0.9869537865479344,0.987294673032205,0.0003408864842705528,0.07786556685053003,0.0763722094387593,0.0801541274930639,0.0037819180543045977,0.0137975642180972,0.0137329075549827,0.0138662022959507,0.0001332947409680013,0.7917729725266981,0.7895536413014582,0.7937345438843862,0.0041809025829280255
MIDNIGHT,SPIDER-Breast,1.0,3,0.9890096915712672,0.9890082935946077,0.9890105984946261,2.3049000184016677e-06,0.05681235728528913,0.05677407380690289,0.0568680686285675,9.399482166460443e-05,0.012481570184393366,0.0124808313707796,0.0124827196118742,1.8882410946011174e-06,0.8135113183289295,0.8134921050118957,0.8135467624910856,5.4657479189867963e-05
PLIP,BRACS,0.01,3,0.7362280332568036,0.7189673587936533,0.7529558704379822,0.03398851164432892,0.1010193359944348,0.07891929816725,0.1148303123988129,0.0359110142315629,0.1227365216350164,0.12114276673281492,0.1238142686058404,0.002671501873025478,0.12135937329966744,0.05704365079365079,0.21956583819169792,0.16252218739804714
PLIP,BRACS,0.05,3,0.7930047460525961,0.7903121701054766,0.7976454228434209,0.007333252737944274,0.18152258736492302,0.1385897317384745,0.20996696481149627,0.07137723307302177,0.10895787449692616,0.1078746431570582,0.1098566664564874,0.001982023299429189,0.3382211509769398,0.2575491889677602,0.3798602826415296,0.12231109367376941
PLIP,BRACS,0.1,3,0.8019537409022695,0.7923806438603455,0.8126250794893476,0.020244435629002133,0.1413248822280284,0.10825283327651898,0.1614294577126665,0.05317662443614753,0.10230382750102718,0.1015145430635247,0.1032092423137848,0.0016946992502600983,0.3706726925682882,0.2983772534424682,0.4151763245899111,0.11679907114744292
PLIP,BRACS,0.25,3,0.8335095417419729,0.8315092958837568,0.836578630493842,0.0050693346100851855,0.10908049966238383,0.0786311429455546,0.1331720126163222,0.0545408696707676,0.09410824968694093,0.0933022707268274,0.0956067248067496,0.002304454079922205,0.43567561364141555,0.3916730679501124,0.46281023142093,0.07113716347081755
PLIP,BRACS,0.5,3,0.8455956302489168,0.8443925300265444,0.8471092197675656,0.0027166897410212387,0.08688758455786377,0.0792932021701721,0.1003496514925158,0.021056449322343698,0.08937308410065774,0.0892376053367132,0.0894473492892849,0.00020974395257170042,0.47412939091840833,0.4635416628343713,0.4948171615684365,0.03127549873406521
PLIP,BRACS,1.0,3,0.856587673169057,0.856587673169057,0.856587673169057,0.0,0.05877719375976479,0.0587771937465865,0.0587771937799243,3.333779780012591e-11,0.08584306073087172,0.0858430607291722,0.08584306073347141,4.299213762770648e-12,0.49787745992685634,0.49787745992685634,0.49787745992685634,0.0
PLIP,CRC,0.01,3,0.9955893422298775,0.9954085586741689,0.9957987801308614,0.00039022145669254105,0.2848333690594412,0.2825613136810058,0.2869471994260961,0.004385885745090301,0.02405802334700367,0.0237551660058464,0.0243780633738678,0.0006228973680213988,0.9296563152009215,0.9258232222496444,0.9323173247582592,0.0064941025086148185
PLIP,CRC,0.05,3,0.9976747273212075,0.9976556497245271,0.997689923229038,3.4273504510906605e-05,0.12802182232625003,0.1270496368476632,0.1290390050733018,0.0019893682256385825,0.0112218438923073,0.0111772307566418,0.0112871227383895,0.00010989198174770134,0.9535949451295865,0.9527337189975823,0.9545605865148176,0.0018268675172352644
PLIP,CRC,0.1,3,0.9981878910269938,0.9981234973294096,0.9982336207630712,0.00011012343366156863,0.08946212333742891,0.0875527121931415,0.0905475470409353,0.002994834847793809,0.008663428212372834,0.008656645161637,0.008676211321776,1.9566160138999658e-05,0.9605430832559593,0.96028593454268,0.9609148880766614,0.0006289535339814023
PLIP,CRC,0.25,3,0.9986640712422773,0.9986515913504208,0.9986720371515571,2.0445801136248498e-05,0.05551504272361593,0.0542363129134369,0.05700270054637221,0.0027663876329353104,0.006449659452233633,0.0064127959968432,0.006506618978178,9.382298133480023e-05,0.9678907550267531,0.9673875057024753,0.9685493443879524,0.0011618386854770346
PLIP,CRC,0.5,3,0.998939538802753,0.9989279467040322,0.998962127334957,3.4180630924862676e-05,0.03911780557367703,0.0387343306806042,0.039785140491047,0.001050809810442796,0.005278028487179666,0.005251376663032399,0.0053118381561869,6.046149315450111e-05,0.9721676262451621,0.9718337421439452,0.972363593807978,0.0005298516640327433
PLIP,CRC,1.0,3,0.9991666117025452,0.9991666117025452,0.9991666117025452,0.0,0.028127211305833,0.0281272112754575,0.028127211321066898,4.560939820263954e-11,0.004352374542359267,0.0043523745358834,0.0043523745456128,9.729399577662612e-12,0.976428964917576,0.976428964917576,0.976428964917576,0.0
PLIP,LungHist700,0.01,3,0.7831737433488305,0.7335767805809231,0.8295815586209297,0.09600477804000662,0.31697155017113693,0.3098582057899886,0.3298217844869209,0.01996357869693227,0.1200975308018386,0.1198571921970298,0.1202486045593346,0.0003914123623048049,0.3969630842756175,0.39099992966563973,0.4037819913395951,0.012782061673955347
PLIP,LungHist700,0.05,3,0.8443570930957423,0.8397072844108878,0.8506343191004019,0.010927034689514059,0.13257645221417616,0.1047194136842281,0.1623366808640008,0.057617267179772697,0.11794692200198657,0.11506612196783579,0.1212041736344086,0.0061380516665728024,0.15841266995530226,0.1501457725947521,0.1702453477146376,0.0200995751198855
PLIP,LungHist700,0.1,3,0.8704347238704081,0.8585565537419919,0.8796022541134844,0.02104570037149245,0.16260705959057986,0.1201659684575735,0.215521788159901,0.0953558197023275,0.11168633100937841,0.1111355725730682,0.1121289831028151,0.0009934105297468993,0.24031114194593847,0.1763087843833185,0.2805886774185329,0.10427989303521437
PLIP,LungHist700,0.25,3,0.9027373712459056,0.8940977095486234,0.9127573357307054,0.018659626182081945,0.18112413547186432,0.1309561405960366,0.2463937373121041,0.11543759671606749,0.10023845147057349,0.09938148544892382,0.1008680725838169,0.0014865871348930804,0.41322588717856656,0.3642009007146702,0.4935088978119983,0.1293079970973281
PLIP,LungHist700,0.5,3,0.9054580960616416,0.9003004852401474,0.9112978995010647,0.010997414260917271,0.2277470092110975,0.1855386191983548,0.2988578268029854,0.1133192076046306,0.08902325997113854,0.0870394304843663,0.090027390725804,0.002987960241437701,0.5079441907327603,0.4452177332018444,0.5975995197761595,0.15238178657431517
PLIP,LungHist700,1.0,3,0.9220359017533605,0.9220359017533605,0.9220359017533605,0.0,0.2244485961840373,0.2244485961840367,0.2244485961840376,8.881784197001252e-16,0.077080680544836,0.077080680544836,0.077080680544836,0.0,0.5968399763005977,0.5968399763005977,0.5968399763005977,0.0
PLIP,MHIST,0.01,3,0.7076400144066269,0.6546956600036016,0.7582973167657124,0.10360165676211086,0.1556617437792496,0.1198884990232096,0.19776882139738597,0.07788032237417637,0.24921983734637085,0.23276136909468628,0.2675485186706385,0.03478714957595222,0.0,0.0,0.0,0.0
PLIP,MHIST,0.05,3,0.7659148208175761,0.7367459031154331,0.7811858454889249,0.0444399423734918,0.15634727339320217,0.1439003404324451,0.1770960885949996,0.033195748162554495,0.21946328431790837,0.2149841565553805,0.2247987301598309,0.0098145736044504,0.0,0.0,0.0,0.0
PLIP,MHIST,0.1,3,0.7783510414790804,0.7670628489104989,0.7845714028453088,0.01750855393480988,0.1495158690669189,0.1349129525959486,0.1685197281677365,0.0336067755717879,0.20956988003526156,0.2039363684495111,0.2194873583279878,0.015550989878476695,0.0036832412523020003,0.0,0.011049723756906,0.011049723756906
PLIP,MHIST,0.25,3,0.7888558737019028,0.7686745903115432,0.801395641995318,0.032721051683774816,0.12204874425153983,0.11878323536375619,0.1254303523133602,0.006647116949604001,0.19199335235099682,0.1890304700555128,0.19522942004589292,0.00619894999038012,0.19057690806703634,0.1388174807197943,0.2691415313225058,0.1303240506027115
PLIP,MHIST,0.5,3,0.8092757668527523,0.79755987754367,0.8156582027732758,0.01809832522960586,0.10896117190376058,0.1015122989710376,0.1167590698212758,0.015246770850238206,0.18087668920524969,0.178540142467052,0.1838956345063766,0.005355492039324616,0.36736724727413533,0.3368421052631579,0.4023904382470119,0.06554833298385399
PLIP,MHIST,1.0,3,0.8291644156311905,0.8291644156311905,0.8291644156311905,0.0,0.09103798199492463,0.09103798199492459,0.0910379819949247,1.1102230246251565e-16,0.17074570556405,0.17074570556405,0.17074570556405,0.0,0.4844036697247706,0.4844036697247706,0.4844036697247706,0.0
PLIP,PCam,0.01,3,0.9415378588016644,0.9405505921206588,0.9423734738539912,0.0018228817333323377,0.07171186396995988,0.0663322261043396,0.0749644807852324,0.008632254680892806,0.10234847155330547,0.10026756589534562,0.10403439084984982,0.0037668249545042,0.8577615019865181,0.8538486106675184,0.8633704472541989,0.009521836586680488
PLIP,PCam,0.05,3,0.9501788897766382,0.948543714279838,0.9511248305630562,0.002581116283218221,0.0494320462328617,0.0481516416851492,0.05129385656530009,0.003142214880150887,0.09174841986121436,0.0905414534124694,0.0933067183805379,0.0027652649680685037,0.8679365700791872,0.8648787373283716,0.8708865598419929,0.006007822513621308
PLIP,PCam,0.1,3,0.9522429009026617,0.9519049213951124,0.9527025657982592,0.00079764440314678,0.04480569966539393,0.044485952426744,0.0451852197571034,0.000699267330359396,0.08945501239218816,0.088995559703611,0.08984237385580358,0.0008468141521925793,0.8701355250986845,0.8694870642614111,0.870569366479551,0.0010823022181398745
PLIP,PCam,0.25,3,0.9531458928093888,0.9531228158735408,0.9531609777543245,3.816188078376026e-05,0.045165531399354274,0.0435120829824213,0.046185540102673804,0.0026734571202525065,0.08905897355273547,0.0886319419875045,0.0893026337464466,0.0006706917589421046,0.8702684111888149,0.8696748335380439,0.8708575112830431,0.0011826777449992498
PLIP,PCam,0.5,3,0.9531587959755746,0.953014614797071,0.9534081992395288,0.0003935844424578505,0.052286588500270466,0.050809222963035396,0.053294239284988,0.002485016321952603,0.0902432418350424,0.0900112354493753,0.0905265961802534,0.0005153607308781005,0.8674346850725313,0.8662843737781832,0.8680399622506427,0.0017555884724594906
PLIP,PCam,1.0,3,0.9523657175374036,0.9523657175374036,0.9523657175374036,0.0,0.05740209375710357,0.0574020936459872,0.0574020939434961,2.9750889946056347e-10,0.09182469141086287,0.0918246913802429,0.0918246914621722,8.192929668027205e-11,0.8630612913798754,0.8630612913798754,0.8630612913798754,0.0
PLIP,SPIDER-Breast,0.01,3,0.9501584998540841,0.948958768813203,0.9510120181214358,0.0020532493082328074,0.3152758933692587,0.2889244223007677,0.3504504953259932,0.0615260730252255,0.0395336811372539,0.038734957722992,0.040309237930564,0.0015742802075719986,0.49028729562825274,0.4729943715488329,0.510317411118396,0.03732303956956312
PLIP,SPIDER-Breast,0.05,3,0.9659145676311175,0.964764720558604,0.9664919564523128,0.0017272358937088228,0.2602694765170612,0.2552027710289826,0.263629349435749,0.008426578406766416,0.026958846994038166,0.026598328866896403,0.0271962488218993,0.0005979199550028985,0.6543186002461598,0.6485376428306464,0.6577282269108145,0.00919058408016804
PLIP,SPIDER-Breast,0.1,3,0.9709418163438958,0.9700946119423524,0.9715895829367732,0.0014949709944208633,0.20581973970881362,0.2026940349183066,0.2097212691956748,0.007027234277368205,0.023275340778256437,0.0230390166684622,0.0235215438223746,0.00048252715391240014,0.6842159984748984,0.6821111581361522,0.6866798244299631,0.004568666293810919
PLIP,SPIDER-Breast,0.25,3,0.9757978908055761,0.9755894853053312,0.9759307832104902,0.0003412979051590215,0.14081612074596564,0.139222265184144,0.1429424196398161,0.0037201544556721144,0.02011392944931077,0.0199880752842855,0.0202185170508548,0.00023044176656930246,0.7073574485666523,0.7063880518767608,0.7078715894813897,0.0014835376046289372
PLIP,SPIDER-Breast,0.5,3,0.9789582981649279,0.9788554984805605,0.9790652797451528,0.000209781264592257,0.10370432338208196,0.1015656769263966,0.104865320534962,0.0032996436085653974,0.01829681659565657,0.0182481796423182,0.0183211824121312,7.300276981300063e-05,0.7233319633200065,0.7215873767529076,0.7250379611713186,0.0034505844184109513
PLIP,SPIDER-Breast,1.0,3,0.9816583476452903,0.9816574942335891,0.9816591899138144,1.695680225344276e-06,0.07508030787312073,0.0750710392033887,0.0750885217686987,1.748256530999248e-05,0.0168270608711861,0.0168267826330247,0.0168274115871582,6.289541335004201e-07,0.7375199746291697,0.7375199746291697,0.7375199746291697,0.0
UNI,BRACS,0.01,3,0.7708638826882966,0.7682439032106411,0.773671090325951,0.005427187115309984,0.08194942398982863,0.0572654545421561,0.12488393880073818,0.06761848425858208,0.11708491667063414,0.1148228220108009,0.1187057092163772,0.0038828872055762936,0.1893160139228909,0.1690930707835964,0.2035776512720613,0.034484580488464894
UNI,BRACS,0.05,3,0.8570535583656872,0.8469738777368466,0.8656066946378437,0.01863281690099705,0.1541340316153787,0.10591881153720221,0.22633035238055652,0.1204115408433543,0.09649915438382188,0.09358196399651601,0.09928953676575851,0.005707572769242497,0.45479951908305355,0.40500283987394486,0.523298665938179,0.11829582606423411
UNI,BRACS,0.1,3,0.8726564160457831,0.8672641086944276,0.8761970454502229,0.008932936755795318,0.1246775871649697,0.1003314334175421,0.1583108293426711,0.057979395925129004,0.08825113939853786,0.086516422827264,0.08933030448413988,0.0028138816568758773,0.5030157476735603,0.4804417832386399,0.542398752719028,0.06195696948038815
UNI,BRACS,0.25,3,0.8866510115344947,0.8838962888616256,0.8883959386720627,0.004499649810437045,0.09330760161206007,0.0815460155799261,0.1001276794315475,0.018581663851621397,0.08035622394098207,0.079379762161706,0.0812239203283608,0.0018441581666547996,0.5603064370897862,0.5548184488747324,0.5659085898385142,0.011090140963781803
UNI,BRACS,0.5,3,0.8942230449112124,0.8901530190419251,0.8971187090466558,0.006965690004730685,0.06551213633743909,0.0577085545077754,0.072241052883937,0.014532498376161593,0.07676362489912887,0.0758215334852597,0.0777533385241363,0.0019318050388765912,0.5802845108143369,0.5708731412973053,0.5904597674171227,0.01958662611981743
UNI,BRACS,1.0,3,0.9012589709524764,0.9012589709524764,0.9012589709524764,0.0,0.048881009112043794,0.0488810091119715,0.04888100911208151,1.100092239525452e-13,0.07366302578412608,0.0736630257841244,0.0736630257841292,4.801714581503802e-15,0.5961587890370639,0.5961587890370639,0.5961587890370639,0.0
UNI,CRC,0.01,3,0.9994466260533779,0.9993702176498106,0.9994993175890047,0.00012909993919407725,0.2211096685059549,0.22021407965677184,0.22209862549142137,0.0018845458346495314,0.010746347684266232,0.0106780939705395,0.0107824016681546,0.00010430769761509903,0.9860541800642548,0.9852651612654753,0.9865696213522234,0.001304460086748116
UNI,CRC,0.05,3,0.9995935730703748,0.9995167117508243,0.9996731051731574,0.00015639342233308984,0.07490353061613887,0.0738861154307938,0.0754971735767824,0.0016110581459885948,0.0033042769785934997,0.0032073406031562,0.0033570598840335,0.00014971928087730013,0.9901701261493927,0.9900336598935559,0.9902980230928282,0.00026436319927236607
UNI,CRC,0.1,3,0.9996716650632994,0.999635551460106,0.9997428790262158,0.0001073275661098716,0.0459119141030836,0.0450567252956078,0.0470106329080397,0.0019539076124319016,0.0022599585920477336,0.002254168642824,0.0022666486014772,1.2479958653199928e-05,0.9914574039237155,0.9910742812153512,0.9916742204068768,0.000599939191525567
UNI,CRC,0.25,3,0.9998259163439323,0.9998051860726034,0.9998654033549664,6.0217282363050906e-05,0.024976942637948866,0.0243122682811686,0.0258515650149345,0.0015392967337659012,0.0015592280159903665,0.0015506822505319,0.0015703163857367,1.9634135204799974e-05,0.9928967396510623,0.9922677232184519,0.9934482431799564,0.0011805199615044781
UNI,CRC,0.5,3,0.9998940179481379,0.9998825564831663,0.9999004348467048,1.7878363538503805e-05,0.015657346996710068,0.015451697699371597,0.0159533772782756,0.0005016795789040043,0.0011803582183916334,0.0011594235951019,0.0011953860249682,3.596242986629995e-05,0.9941337448868376,0.9939985902994892,0.9943387599657528,0.0003401696662636011
UNI,CRC,1.0,3,0.9999219330690908,0.9999219330690908,0.9999219330690908,0.0,0.010392303586169034,0.0103923035861627,0.0103923035861746,1.1900203045200897e-14,0.0009035719413085,0.0009035719413083,0.0009035719413087,3.999621814299026e-16,0.9948402491051612,0.9948402491051612,0.9948402491051612,0.0
UNI,LungHist700,0.01,3,0.6685084975911204,0.637925249247939,0.6888287913426732,0.05090354209473413,0.20482468877728763,0.1563247648419703,0.2816011246362537,0.1252763597942834,0.12003336645785416,0.1196285168218656,0.1202874068259478,0.0006588900040822021,0.3400486512012069,0.3058079325360431,0.37705883032330084,0.07125089778725774
UNI,LungHist700,0.05,3,0.78772859607962,0.7582245635025616,0.8154704511795371,0.05724588767697547,0.13644199551901873,0.0944300077615795,0.1601830399620784,0.06575303220049888,0.11688410217800767,0.1135522762665007,0.12024179811139861,0.0066895218448979055,0.21364363988685556,0.1546141777207245,0.3248829376488951,0.1702687599281706
UNI,LungHist700,0.1,3,0.8581510866375268,0.8495202955325377,0.8657420883457153,0.016221792813177593,0.1661342303785314,0.1314430477059574,0.1906793166462252,0.05923626894026779,0.10874200550095187,0.1082600892081853,0.1092632923967341,0.0010032031885487958,0.319358560397706,0.2927872667370698,0.3552796876326288,0.06249242089555901
UNI,LungHist700,0.25,3,0.9288256994373776,0.9130365736083402,0.9472461681255305,0.0342095945171903,0.260453709228555,0.2331563134307277,0.2814357927920771,0.04827947936134938,0.09378213518913124,0.0932391429499277,0.0946372301066758,0.001398087156748093,0.5503226616901707,0.5353893418409548,0.5785220070934356,0.04313266525248083
UNI,LungHist700,0.5,3,0.9497914648280523,0.9445482005257745,0.9567950053798601,0.01224680485408558,0.3098102819961058,0.2797795249671617,0.3563239486619665,0.0765444236948048,0.0782586782264455,0.0758429040699461,0.0797952455847704,0.003952341514824306,0.6648891835018207,0.6418734587852235,0.6978382162055631,0.05596475742033957
UNI,LungHist700,1.0,3,0.9634073153799294,0.9634073153799294,0.9634073153799294,0.0,0.31258663441216056,0.3125866344121603,0.3125866344121607,4.440892098500626e-16,0.0615557058716218,0.0615557058716218,0.0615557058716218,0.0,0.7534841628959276,0.7534841628959276,0.7534841628959276,0.0
UNI,MHIST,0.01,3,0.6547181703583649,0.5588330632090762,0.7048352242031335,0.14600216099405727,0.14695550269242585,0.0872097792305258,0.2042488365721983,0.11703905734167251,0.24800568710571855,0.2372661621384952,0.2607059833316822,0.02343982119318702,0.0,0.0,0.0,0.0
UNI,MHIST,0.05,3,0.7975178582147788,0.7882090761750407,0.8060147667927247,0.017805690617684,0.16521183645491147,0.1592836403883353,0.1686726924702505,0.009389052081915178,0.21047071949328178,0.2034441859286065,0.2193723501194156,0.015928164190809113,0.0,0.0,0.0,0.0
UNI,MHIST,0.1,3,0.8139549192628609,0.7947685935530343,0.8356518998739421,0.04088330632090775,0.15136021280919354,0.1445408310688367,0.1614265531715908,0.016885722102754103,0.19706735250882804,0.1891155252484059,0.205853286618089,0.01673776136968308,0.07919662306215314,0.0164835164835164,0.1725888324873096,0.1561053160037932
UNI,MHIST,0.25,3,0.8354418032294856,0.8140374572303261,0.8540203493607059,0.039982892130379866,0.10442383012541127,0.08914834500842568,0.11515928525165302,0.026010940243227337,0.17367884126153021,0.1685260715249537,0.1777306684171428,0.00920459689218911,0.5019659974672624,0.4691848906560636,0.5283018867924528,0.05911699613638921
UNI,MHIST,0.5,3,0.8656026772315264,0.8551233567441022,0.8710291734197732,0.015905816675670925,0.09613877938714926,0.0832201918249638,0.1050992559988342,0.021879064173870394,0.157019159917834,0.155156643774916,0.1591597923819001,0.004003148606984086,0.6185037257812108,0.6065857885615251,0.6406779661016949,0.0340921775401698
UNI,MHIST,1.0,3,0.8856428957320367,0.8856428957320367,0.8856428957320367,0.0,0.08027461946125497,0.080274619461247,0.0802746194612616,1.459943277382081e-14,0.1421376406020363,0.1421376406020291,0.142137640602046,1.6903145549918008e-14,0.6930379746835443,0.6930379746835443,0.6930379746835443,0.0
UNI,PCam,0.01,3,0.9814341754600702,0.9805967660592557,0.9826710267025244,0.002074260643268655,0.07398773883059497,0.0690197062746124,0.0771427733932481,0.008123067118635696,0.056040491444582036,0.0544411056065981,0.058178023747916,0.0037369181413179006,0.9309806984735064,0.9281491002570693,0.9335035913806863,0.005354491123616967
UNI,PCam,0.05,3,0.9833720482335626,0.9825253417482293,0.9846834661420057,0.002158124393776495,0.041837333809429895,0.0388670757302617,0.0441183471168999,0.005251271386638202,0.04872011421983983,0.0471345600536729,0.050395142325033095,0.003260582271360196,0.9354455734864563,0.9327601693827794,0.937967948513716,0.005207779130936618
UNI,PCam,0.1,3,0.9830476138840109,0.9810574616186903,0.9844900266826572,0.0034325650639668304,0.03715754042282783,0.0364231575019975,0.0377108715184794,0.0012877140164819015,0.047701521405534464,0.0464473503363787,0.0489946843554232,0.0025473340190445004,0.9370215724361365,0.9353395949140632,0.9385881002487086,0.0032485053346454906
UNI,PCam,0.25,3,0.9818666991273622,0.9799872339493576,0.9832272312720655,0.003239997322707855,0.039621341844756665,0.0372641373897446,0.0417079630857177,0.004443825695973097,0.04859481505960803,0.0469920041203194,0.0503714690025193,0.003379464882199902,0.9367608053401505,0.934502849094052,0.9384590843834744,0.00395623528942235
UNI,PCam,0.5,3,0.9810166932759855,0.9807842711300748,0.9812012913780782,0.0004170202480033858,0.04264232365498344,0.0410347126358185,0.0443904992122203,0.003355786576401794,0.05005234281156373,0.0494997276221262,0.0506299062300953,0.0011301786079691012,0.9343952312940007,0.9337432350209754,0.9353663214422708,0.0016230864212953833
UNI,PCam,1.0,3,0.9786119794547075,0.9786119794547071,0.9786119794547076,4.440892098500626e-16,0.04506726483948067,0.0450672648394791,0.0450672648394815,2.400857290751901e-15,0.0525141973929135,0.0525141973929129,0.0525141973929139,9.992007221626409e-16,0.931966031084762,0.931966031084762,0.931966031084762,0.0
UNI,SPIDER-Breast,0.01,3,0.9864899812560265,0.9853659845107708,0.9886275563512386,0.003261571840467714,0.42482798875640343,0.4161161623227661,0.4333468227728084,0.01723066045004229,0.027084376305610836,0.0253090551674995,0.028605114793376,0.0032960596258765004,0.7644361901971161,0.7555356065425048,0.7817185916700429,0.026182985127538028
UNI,SPIDER-Breast,0.05,3,0.9926582073621764,0.9922111289061547,0.9929132428018738,0.0007021138957190587,0.21418590536880658,0.208546054654395,0.21724665809879692,0.008700603444401933,0.014055805083397868,0.0137350219552333,0.014253322546436098,0.0005183005912027978,0.8335963712738649,0.8318876759512864,0.8359100046695623,0.004022328718275903
UNI,SPIDER-Breast,0.1,3,0.9936639660856663,0.9934097218951088,0.993804875424423,0.000395153529314185,0.14793331320197303,0.1456548557514373,0.1513558226214439,0.005700966870006596,0.011495258872354698,0.011291952316192002,0.0116051900397265,0.00031323772353449714,0.8490870285965277,0.8451416765926135,0.8515063139396327,0.0063646373470191975
UNI,SPIDER-Breast,0.25,3,0.9945550329996866,0.9943331010112332,0.9948227560664032,0.0004896550551700685,0.08880489718883171,0.08452974063047851,0.0923700863515105,0.007840345721031997,0.009475200145759833,0.0092465411734203,0.0096195843069311,0.00037304313351080136,0.8652118414815714,0.8626889148004823,0.8684904467559044,0.005801531955422101
UNI,SPIDER-Breast,0.5,3,0.9949535455422707,0.9948669671950418,0.9951004743978878,0.00023350720284609494,0.05576441453812847,0.054929891267772,0.0563277759905656,0.0013978847227935978,0.008565601477055434,0.0085093006622223,0.0085947417175993,8.54410553770002e-05,0.8716409747477121,0.8715531458309949,0.8717076945276251,0.00015454869663023008
UNI,SPIDER-Breast,1.0,3,0.9951334781789676,0.9951334781789676,0.9951334781789676,0.0,0.03140687202988413,0.0314068719173046,0.0314068721001383,1.828336995690627e-10,0.0080808512103442,0.0080808512081549,0.0080808512117101,3.5552012722650517e-12,0.87549908067133,0.87549908067133,0.87549908067133,0.0
VIRCHOW2,BRACS,0.01,3,0.7880786948466696,0.7631917182499429,0.8208959383907194,0.057704220140776474,0.08747432878230073,0.0349886524099625,0.155800885316976,0.12081223290701351,0.11422154560619158,0.1103625504782272,0.1163968577858252,0.006034307307598005,0.22745714771304512,0.1841988205988511,0.2665253952327032,0.0823265746338521
VIRCHOW2,BRACS,0.05,3,0.8648676494145043,0.8532913149771376,0.8712765648273088,0.017985249850171137,0.12263328730394966,0.0935247202502268,0.149269828898674,0.055745108648447186,0.09202269994014284,0.0915789866230781,0.092898943698296,0.001319957075217898,0.45131662919123716,0.40568244269441217,0.4794618050335952,0.07377936233918303
VIRCHOW2,BRACS,0.1,3,0.8792046792506363,0.8751642328002046,0.8843134627178945,0.00914922991768985,0.10041713136113696,0.0878094278032004,0.11221017945365501,0.024400751650454605,0.08375312244169093,0.0829673499724755,0.0849988064790651,0.0020314565065896045,0.5085376708969047,0.4825221573415779,0.5277412122708083,0.045219054929230396
VIRCHOW2,BRACS,0.25,3,0.8945103873584569,0.8923409584446943,0.8972701668141373,0.0049292083694429945,0.08198612366189827,0.0794328383501543,0.0839503551199472,0.004517516769792895,0.0771105612097996,0.0766717049393022,0.0777731285349129,0.0011014235956107038,0.5570069750958084,0.5541696341587671,0.5607477158526485,0.00657808169388141
VIRCHOW2,BRACS,0.5,3,0.8991048082940085,0.8983012261595588,0.900142316222226,0.0018410900626671944,0.0491211936435961,0.0467841057281131,0.0503039204799734,0.0035198147518603062,0.07427591919851496,0.0738659594229511,0.074525703257715,0.0006597438347639012,0.583132534472354,0.5762824130890998,0.5890906258587763,0.012808212769676475
VIRCHOW2,BRACS,1.0,3,0.9038447387617934,0.9038447387617934,0.9038447387617934,0.0,0.04485903519819593,0.0448590351481887,0.044859035252422706,1.0423400337300492e-10,0.07218951770722506,0.0721895177067338,0.0721895177076809,9.470896289442976e-13,0.5959433733841857,0.5959433733841857,0.5959433733841857,0.0
VIRCHOW2,CRC,0.01,3,0.9990356855437414,0.9990189060719176,0.999065943299744,4.703722782639641e-05,0.1842766302265313,0.1825413993207223,0.1852595201796244,0.0027181208589021066,0.009175359231333701,0.0090416926603372,0.0093464130756303,0.0003047204152930999,0.9800367987950555,0.9787144501472905,0.9809692360333578,0.002254785886067312
VIRCHOW2,CRC,0.05,3,0.9994449366537085,0.9993865480929456,0.9995062649053056,0.00011971681236000453,0.06263603869052424,0.061990284477647505,0.0634721934250146,0.0014819089473670985,0.0032752759980014,0.0032018976304738996,0.0033447708152258,0.00014287318475190037,0.988114015619213,0.9874973369250414,0.9886023608991309,0.001105023974089514
VIRCHOW2,CRC,0.1,3,0.9996000854607819,0.9995818161032376,0.9996362373383604,5.44212351227813e-05,0.0392324713272758,0.0387157981901941,0.0399416820427741,0.0012258838525800037,0.0023990056908501666,0.0023725639014347,0.0024276293039295,5.506540249480005e-05,0.9897112919989741,0.989362861921792,0.9899262119111184,0.0005633499893263894
VIRCHOW2,CRC,0.25,3,0.9997701630703157,0.9997446428137008,0.9998067903216824,6.214750798161361e-05,0.0213181250803761,0.0205032271297442,0.021846396479469,0.0013431693497247994,0.0017018786361876334,0.0016894972608248,0.0017110085286899,2.1511267865099992e-05,0.9917179842922422,0.9916274679152387,0.9918611979654811,0.0002337300502424089
VIRCHOW2,CRC,0.5,3,0.9998584262919299,0.9998418369185588,0.9998740343503284,3.2197431769631635e-05,0.014117606641916067,0.0139275516802235,0.014443342683526,0.0005157910033024987,0.0013324569721519998,0.0013295070178367997,0.0013356543640296,6.147346192800305e-06,0.9930497008077935,0.992972473494773,0.9931938682093518,0.00022139471457882642
VIRCHOW2,CRC,1.0,3,0.9999149146886968,0.9999149146886968,0.9999149146886968,0.0,0.009312987086467401,0.0093129870864623,0.0093129870864752,1.2899403767363538e-14,0.0010346853363014665,0.0010346853362888,0.0010346853363187,2.9899910672370744e-14,0.9946173774385828,0.9946173774385828,0.9946173774385828,0.0
VIRCHOW2,LungHist700,0.01,3,0.7678461608001763,0.7457706924118316,0.8047706141477736,0.05899992173594204,0.29374643299791703,0.2680766995401631,0.3079779000033446,0.03990120046318146,0.11803539846475763,0.11785484032361242,0.11836560500212172,0.0005107646785093012,0.4116297433891687,0.370679725191766,0.44579630351124305,0.07511657831947705
VIRCHOW2,LungHist700,0.05,3,0.8440935597884747,0.8010993088226338,0.8804991262134095,0.07939981739077573,0.1986831343543343,0.1625182808959933,0.2566226620263848,0.09410438113039149,0.11100351458571683,0.1079435041894536,0.1137938104061053,0.005850306216651696,0.2246472383230774,0.1786944398884697,0.2842809364548495,0.10558649656637978
VIRCHOW2,LungHist700,0.1,3,0.9130666040086094,0.9089874600100737,0.9198627261266816,0.01087526611660794,0.15857045517936366,0.1358593342671649,0.1864062676760081,0.0505469334088432,0.1011315538204046,0.10059118991451892,0.101819751323433,0.0012285614089140862,0.36455713846736343,0.3299062409344043,0.4221135052025838,0.09220726426817949
VIRCHOW2,LungHist700,0.25,3,0.9528766003707355,0.951583008185067,0.9547013221614148,0.003118313976347764,0.28087869083759465,0.2629709095378247,0.2972167039690505,0.03424579443122577,0.08430273602650266,0.0832936752559196,0.08510866886126371,0.001814993605344109,0.611777881917359,0.5945152417714167,0.6231614988031646,0.028646257031747946
VIRCHOW2,LungHist700,0.5,3,0.9632327351474492,0.959500998495888,0.9665529473684148,0.007051948872526803,0.292334979131758,0.2798444056424048,0.3124278523984263,0.032583446756021484,0.06975110644246439,0.0687371830348338,0.0702804448026534,0.0015432617678196037,0.6919776919771903,0.6770641871970776,0.7001039430307724,0.023039755833694775
VIRCHOW2,LungHist700,1.0,3,0.9724456901692357,0.9724456901692357,0.9724456901692357,0.0,0.26367985815627826,0.263679858156278,0.2636798581562785,4.996003610813204e-16,0.05455483099359829,0.05455483099359829,0.05455483099359829,0.0,0.7597851791665485,0.7597851791665485,0.7597851791665485,0.0
VIRCHOW2,MHIST,0.01,3,0.6758148748424276,0.5733387358184765,0.7438726814334594,0.17053394561498292,0.15029211831009354,0.0869826581028093,0.1995563492499841,0.11257369114717482,0.2483429863443427,0.23703768694088137,0.2619779120198123,0.024940225078930928,0.0,0.0,0.0,0.0
VIRCHOW2,MHIST,0.05,3,0.8444894651539708,0.8176796326310103,0.8727264541689177,0.05504682153790741,0.1843239660982288,0.1618989831591741,0.2234802199166166,0.06158123675744251,0.20845445138124571,0.20420767072608706,0.2130312947854209,0.008823624059333846,0.0,0.0,0.0,0.0
VIRCHOW2,MHIST,0.1,3,0.8648658382856115,0.8424905456509996,0.8836034575904915,0.04111291193949196,0.18292618282753473,0.1717872580145455,0.1906896909020355,0.018902432887489995,0.19041893468181345,0.1834660063613716,0.1994484016621757,0.015982395300804114,0.04255370417223887,0.0,0.10026385224274399,0.10026385224274399
VIRCHOW2,MHIST,0.25,3,0.8808331832643018,0.8637898433279311,0.8968260399783902,0.03303619665045909,0.14799777529263217,0.1338683235724639,0.167837361881381,0.03396903830891709,0.16315298581808038,0.1588353039331208,0.1702542314405513,0.011418927507430482,0.5111806578301424,0.4371134020618556,0.5964285714285714,0.1593151693667158
VIRCHOW2,MHIST,0.5,3,0.9056320907617503,0.9011885467314964,0.9079281469475958,0.006739600216099428,0.14060068059384587,0.131938967741947,0.1478152668689211,0.01587629912697411,0.14441550149854684,0.1424844875699949,0.1468590390798546,0.0043745515098596865,0.6892376314958825,0.6611842105263158,0.7152103559870552,0.05402614546073936
VIRCHOW2,MHIST,1.0,3,0.9157977669728076,0.9157977669728076,0.9157977669728076,0.0,0.11313817830099086,0.11313817830098978,0.1131381783009923,2.525757381022231e-15,0.13010756593962,0.1301075659396197,0.1301075659396204,6.938893903907228e-16,0.757396449704142,0.757396449704142,0.757396449704142,0.0
VIRCHOW2,PCam,0.01,3,0.9792139753009557,0.9779286418799439,0.9802300297888796,0.002301387908935748,0.06290526554242355,0.0591874551814642,0.0652787556330051,0.006091300451540903,0.05730260823094193,0.0568506461407294,0.0580277240109336,0.001177077870204199,0.9241578138466009,0.9234698826344209,0.9247665056360708,0.0012966230016498992
VIRCHOW2,PCam,0.05,3,0.9829706096359586,0.9816065695089172,0.9840014584961216,0.0023948889872044132,0.03917474478158193,0.0385593144043742,0.0398214677037664,0.0012621532993922005,0.04952587304877023,0.0485384486650056,0.0511486683777976,0.002610219712792003,0.9308302663093868,0.9290081740361718,0.931803614921164,0.002795440884992284
VIRCHOW2,PCam,0.1,3,0.9842269578096307,0.9823000436004333,0.9853825579723168,0.003082514371883449,0.0333427552165147,0.0326719554637799,0.0340178473053916,0.0013458918416116988,0.0471207416239662,0.0459419413315732,0.04932141530427989,0.003379473972706694,0.9339311085338217,0.9317431310313872,0.9351147478105224,0.0033716167791352225
VIRCHOW2,PCam,0.25,3,0.985616973148901,0.985019837565616,0.9859206613529935,0.0009008237873775471,0.029806774885487764,0.0293984301356098,0.0305436814300631,0.0011452512944532985,0.045668483036957926,0.0450313129253287,0.0467863003736268,0.0017549874482980996,0.9358576241891144,0.9347109817344296,0.9364405426975259,0.0017295609630962883
VIRCHOW2,PCam,0.5,3,0.9861077454659325,0.9857740562518268,0.9864569505169637,0.0006828942651369019,0.031661813700685194,0.0312607102159317,0.0321900944341115,0.000929384218179799,0.04561629557367263,0.0451232448528029,0.0462519057290767,0.0011286608762738001,0.9356340073764168,0.9352674292287048,0.936008434235328,0.0007410050066232188
VIRCHOW2,PCam,1.0,3,0.9857326123896911,0.9857326123896911,0.9857326123896911,0.0,0.033963787556412106,0.0339637875564037,0.0339637875564242,2.0497492592141953e-14,0.04666277974407313,0.0466627797440712,0.04666277974407449,3.2890357104520263e-15,0.9346296533196878,0.9346296533196878,0.9346296533196878,0.0
VIRCHOW2,SPIDER-Breast,0.01,3,0.9876124408874899,0.9869120483875399,0.9884298779520292,0.0015178295644893147,0.3563001785743689,0.3309406206068443,0.3861198687591958,0.05517924815235148,0.024806452186717367,0.0234068480695262,0.0260129278627006,0.0026060797931743984,0.7408153956635711,0.7120472473655931,0.7589130103168,0.046865762951206924
VIRCHOW2,SPIDER-Breast,0.05,3,0.9930912719495307,0.9927452750284965,0.99341282122209,0.0006675461935934379,0.17378718248252675,0.1715978519423342,0.1763507720034567,0.00475292006112249,0.013317292084024998,0.0129771373444569,0.0137726631963786,0.0007955258519216999,0.8273573942458478,0.8227377920262003,0.830924765479057,0.008186973452856683
VIRCHOW2,SPIDER-Breast,0.1,3,0.9940138607931731,0.9936786767126401,0.9942925863601784,0.0006139096475382688,0.11938632600300148,0.1135015374991931,0.1230659168741421,0.009564379374949,0.011132821458231865,0.010825640459938,0.0115675524363578,0.0007419119764198005,0.8409781265421965,0.8321387898870057,0.8471870567562095,0.015048266869203797
VIRCHOW2,SPIDER-Breast,0.25,3,0.9948949419670582,0.994842402251574,0.9949789076102796,0.00013650535870557423,0.07163987125417114,0.0684854352325151,0.0738372323582453,0.0053517971257301955,0.009325471871864768,0.0091968695806097,0.0094228054101567,0.00022593582954699883,0.8569725984273845,0.8545667714393052,0.8607154344830875,0.006148663043782365
VIRCHOW2,SPIDER-Breast,0.5,3,0.995248900925946,0.995192472808126,0.9952890093761844,9.653656805841404e-05,0.046302256145367066,0.0453363035709618,0.047839273467108,0.0025029698961461996,0.0084246935040803,0.0083642973953139,0.0084683659933405,0.00010406859802660103,0.8672844183438416,0.865917402965103,0.8693385228715554,0.003421119906452441
VIRCHOW2,SPIDER-Breast,1.0,3,0.9954294040691621,0.9954294040691621,0.9954294040691621,0.0,0.026680095055465067,0.0266800949183697,0.0266800952813728,3.6300309980141776e-10,0.0079104039352612,0.0079104039026932,0.0079104039550237,5.233050104358483e-11,0.8730482560692433,0.8730482560692433,0.8730482560692433,0.0
